<?xml version="1.0" encoding="utf-8"?>
<COLLADA xmlns:xsi="http://www.w3.org/2001/XMLSchema-instance" version="1.4.1" xmlns="http://www.collada.org/2005/11/COLLADASchema">
  <asset>
    <contributor>
      <author>Survivalcraft Moder</author>
      <authoring_tool>Engine 0.0.0</authoring_tool>
    </contributor>
    <created>2021-11-16T11:39:00</created>
    <modified>2021-11-16T11:39:00</modified>
    <up_axis>Y_UP</up_axis>
  </asset>
  <library_images />
  <library_effects />
  <library_materials />
  <library_geometries>
    <geometry id="Jaw-mesh" name="Jaw">
      <mesh>
        <source id="Jaw-mesh-positions">
          <float_array id="Jaw-mesh-positions-array" count="276">-0.08252209 0.519769 -0.4227045 -0.06595259 0.4593318 -0.4530841 0.03902816 0.4957716 -0.4042827 0.03443944 0.3962208 -0.4205115 -0.1748453 -0.05244702 -0.01476562 -0.1673094 0.2637087 -0.2767198 -0.1949983 0.1967803 -0.1297198 -0.1674011 0.2948349 -0.2275695 -0.1847314 0.1648086 -0.05872488 -0.1547499 0.02276986 0.09495824 -0.1402584 0.268431 -0.1372838 -0.1464634 0.09134155 0.03393959 -0.110107 0.02075487 -0.2272278 -0.1202983 0.2020838 -0.3021573 -0.132042 0.3794858 -0.28459 -0.07027417 0.3885853 -0.07244712 -0.1511521 0.2839165 -0.06194818 -0.1372956 0.1852343 -0.05651426 -0.1183325 -0.1822317 -0.1669075 -0.0867688 0.2935472 -0.2305282 -0.1433022 0.1600375 0.02917379 -0.0536291 0.5128314 -0.3867235 -0.06681305 0.2841323 -0.1584955 -0.07695496 0.4228222 -0.3442511 -0.001221001 -0.05299252 -0.2346671 -0.05232656 0.3417115 -0.3894455 -0.02775025 0.1386469 -0.2645407 -0.03766083 -0.2537356 -0.2283804 -0.0171777 0.3386625 -0.2584465 -0.03353995 0.2739881 -0.0837925 0.0183416 0.2861522 -0.178143 -0.08503526 0.200856 -0.0842815 0.01471936 0.4451236 -0.3619874 -0.004905939 0.283375 -0.07548916 0.06352597 0.3234297 -0.2471693 0.02651083 0.3894499 -0.07302552 0.08442038 0.1299497 -0.2701712 0.1018019 -0.2009369 -0.1668984 0.1221662 0.330253 -0.2420744 0.1121429 0.3863302 -0.09554308 0.1055938 0.2811764 -0.1491292 0.1327454 0.2474004 -0.2898186 0.12729 0.2514975 -0.053137 0.1116417 0.1836163 -0.06313544 0.1097677 0.1665396 0.01473671 0.1523767 0.07955217 0.03023236 0.1555549 0.01980453 -0.1889616 0.1522161 0.2336214 -0.1347618 0.1662641 0.1719927 -0.1680266 0.1471439 -0.02534091 0.07168173 -0.000798966 0.5337239 -0.2989992 0.04694205 0.2496184 -0.07993072 -0.04179722 0.496297 -0.3811781 -0.06307762 0.4725673 -0.3666537 -0.05453372 0.5086697 -0.3514712 -0.0702427 0.4823951 -0.371761 -0.1339496 0.2803784 -0.2065451 -0.1351384 0.3225938 -0.2708398 -0.1371172 0.3769074 -0.2117956 -0.1113513 0.3262467 -0.266641 -0.1196371 0.3541941 -0.2922677 -0.1206349 0.4022578 -0.3270844 -0.1210052 0.4152213 -0.2746357 -0.1038022 0.4028487 -0.3235563 0.03910642 0.4147053 -0.3465774 0.03847146 0.4372536 -0.3809186 0.03741466 0.4662637 -0.3493817 0.05117696 0.4392046 -0.3786758 0.02452075 0.4785683 -0.3861695 -0.01785713 0.46967 -0.386269 -0.002290487 0.5156093 -0.3617032 -0.01811653 0.4851959 -0.3977808 -0.107517 0.3923543 -0.326113 -0.08981603 0.4555156 -0.3784467 -0.0777406 0.4741645 -0.3029645 -0.06670993 0.4433178 -0.3737502 0.06162267 0.3576386 -0.2943845 0.06053578 0.4023802 -0.3308444 0.05914652 0.4496234 -0.3060264 0.07208573 0.4054192 -0.3290335 0.07603311 0.3059478 -0.2330042 0.07506906 0.3401838 -0.2851461 0.07346433 0.3842314 -0.2372622 0.09436011 0.3431463 -0.281741 0.1022102 0.2656198 -0.1797327 0.1011354 0.30379 -0.2378669 0.09934622 0.3528997 -0.1844801 0.1226432 0.307093 -0.2340705 0.1214046 0.2383321 -0.1272708 0.1206065 0.2666723 -0.1704334 0.1192782 0.3031347 -0.1307955 0.1365754 0.2691247 -0.1676146</float_array>
          <technique_common>
            <accessor source="#Jaw-mesh-positions-array" count="92" stride="3">
              <param name="X" type="float" />
              <param name="Y" type="float" />
              <param name="Z" type="float" />
            </accessor>
          </technique_common>
        </source>
        <source id="Jaw-mesh-normals">
          <float_array id="Jaw-mesh-normals-array" count="387">0.223984 0.4860329 -0.8447504 0.3798939 0.1317501 -0.9155996 -0.942252755 -0.200069875 -0.268573463 -0.9798605 0.1678687 -0.1081367 -0.9898152 -0.1054213 0.095667 -0.9839622 0.002700805 0.1783567 -0.713092566 0.585497439 0.385605633 -0.719333351 0.588519454 0.369058758 -0.3853531 0.6389779 0.6657404 -0.8857654 -0.2834225 -0.3675478 -0.725519657 -0.297261178 -0.620690763 -0.9448742 0.2758284 -0.1764411 -0.7808062 0.5800467 -0.232137 -0.3142542 0.6554899 0.6867148 -0.320910782 0.673165262 0.666231751 -0.950005 -0.05294471 -0.307713 -0.956334352 0.287881672 -0.0504845232 0.02539336 0.9615195 0.2735608 -0.9831252 -0.14424178 -0.112512782 -0.983267 -0.1441959 -0.1113267 -0.8709058 0.008231163 -0.4913811 -0.4909716 0.6930305 0.5278785 -0.3378829 0.5917425 -0.7318989 -0.693392634 -0.250004768 -0.675798953 0.03942 0.5468597 0.8362957 -0.1584998 0.9724366 0.1710112 -0.99746 0.0419043265 -0.057598222 0.302283823 0.616560757 0.726964533 -0.244576171 -0.267081976 -0.9321211 0.6560996 0.1762332 0.7338087 -0.1210045 -0.4831749 -0.8671216 -0.0140702678 -0.525104046 -0.8509217 0.1179056 -0.3735716 -0.9200775 -0.5608603 0.07599174 -0.8244155 -0.4331125 0.4739951 0.7666436 -0.1315104 0.6603726 0.7393328 0.8815754 0.317199379 -0.349584579 -0.1854999 -0.1763707 -0.9666867 -0.01485538 -0.4771429 -0.8787002 0.2039538 -0.825792 -0.5258046 0.005999684 0.9917607 0.127964 0.00684142 0.9912842 0.131562889 0.1879569 0.9814302 0.03830248 0.3356365 0.6031582 0.7235665 -0.30016458 0.9529537 -0.042195607 0.02991437 0.692274 0.7210145 -0.9372394 0.2823394 -0.2046136 0.022493 -0.5218119 -0.852764 0.251954973 0.5461946 0.798868 0.08833992 0.8511261 0.5174752 -0.09135173 0.663763046 0.742343247 -0.06200295 -0.1621019 -0.9848242 0.4346876 -0.1069108 -0.894213 -0.140757322 0.655994058 0.741524935 0.3081545 0.4166407 -0.8552493 -0.09056651 0.8998561 0.4266812 -0.08212202 -0.5016424 -0.8611684 0.9411766 0.250724882 -0.226546973 0.977303565 0.0446609147 -0.207082167 0.9464173 -0.178534284 -0.26910916 0.9749387 -0.221062765 -0.025015166 0.5188655 -0.3443723 -0.7824234 0.8828062 0.453941435 0.120790288 0.4097781 -0.3549119 -0.8403092 0.3504192 -0.1772521 -0.9196674 0.8262516 0.05333107 -0.5607709 -0.1414827 0.8855961 0.4423825 0.420970857 0.614338636 0.667361736 0.4489563 -0.3240244 -0.8327343 0.9688115 0.2044171 -0.140064 0.9678188 0.246892363 -0.0486919731 0.5590201 0.6879084 0.4629024 0.290491879 0.699513137 0.652913332 0.9792063 0.148748 0.1379457 0.9979909 -0.02716779 0.05723839 0.9713358 -0.2375097 -0.0097934 0.9590619 -0.02873188 -0.2817354 0.9971505 -0.07285827 0.0195586 -0.154588312 0.710659146 -0.686342537 -0.235931575 0.568219841 0.788329 0.8785036 0.4708754 -0.08067142 -0.9326541 0.003311991 -0.3607569 0.7751696 -0.391847 0.4955482 -0.691197157 -0.134983987 0.709947765 -0.508107662 0.695794463 -0.507638454 -0.04950248 -0.488740027 -0.8710239 -0.9994514 -0.0329689272 -0.00316762854 0.006444633 0.7360677 -0.6768773 0.9212799 0.0512010343 0.385514826 0.2199497 -0.8135751 -0.5382544 -0.999758 -0.02193957 -0.001635789 0.0161886811 0.9706859 -0.239805937 0.9338791 -0.07977533 0.3485769 0.187266588 -0.573710263 -0.797363 -0.9994515 -0.03296673 -0.003165781 0.0064527397 0.736066639 -0.676878333 0.9212782 0.05119794 0.3855196 0.219946 -0.8135746 -0.5382565 0.102073886 -0.495770127 0.8624342 -0.9475916 0.179917589 0.26400727 0.290724069 0.664894164 -0.6880372 0.125658 -0.589523 -0.7979178 -0.9436117 0.323335558 0.07107131 0.4921031 0.823531 -0.2821902 0.8621684 -0.4013006 0.3092306 -0.15943782 -0.602980733 -0.781661034 -0.9996175 -0.02739244 -0.003815174 0.01630455 0.4653729 -0.8849645 0.922541559 0.0727981254 0.378968954 0.2760307 -0.6031305 -0.7483586 -0.9994514 -0.0329680368 -0.00316780759 0.00643903 0.7360656 -0.6768796 0.9212795 0.05119961 0.3855162 0.2199501 -0.8135755 -0.5382536 -0.9994514 -0.0329680368 -0.0031682835 0.006439507 0.7360657 -0.6768795 0.9212807 0.05119973 0.3855133 0.219949678 -0.8135773 -0.538250864 -0.9994514 -0.0329677947 -0.00316595961 0.006441473 0.736064 -0.6768813 0.9212803 0.05119913 0.3855143 0.2199554 -0.8135749 -0.5382524 0.3277461 -0.8503193 -0.411752 0.9011006 -0.1594896 -0.4032132 -0.313838273 0.80028 0.51093787 -0.09478473 -0.7930671 0.6017146 -0.08553438 -0.8144095 0.573952 -0.06554335 -0.7710471 0.633396 -0.0584836 -0.687921 0.7234255</float_array>
          <technique_common>
            <accessor source="#Jaw-mesh-normals-array" count="129" stride="3">
              <param name="X" type="float" />
              <param name="Y" type="float" />
              <param name="Z" type="float" />
            </accessor>
          </technique_common>
        </source>
        <source id="Jaw-mesh-map">
          <float_array id="Jaw-mesh-map-array" count="774">0.4692377 0.6834835 0.4515354 0.6620556 0.4599009 0.6843175 0.4268789 0.6648549 0.4599009 0.6843175 0.4515354 0.6620556 0.2379115 0.795646 0.3687346 0.7193417 0.3326412 0.7761284 0.3687346 0.7193417 0.3745383 0.7445949 0.3326412 0.7761284 0.3326412 0.7761284 0.3150143 0.8030593 0.2528101 0.8530855 0.2379115 0.795646 0.3326412 0.7761284 0.2528101 0.8530855 0.3326412 0.7761284 0.3745383 0.7445949 0.3568015 0.780344 0.3568015 0.780344 0.3150143 0.8030593 0.3326412 0.7761284 0.3150143 0.8030593 0.2807142 0.8341538 0.2528101 0.8530855 0.2814306 0.7097911 0.3687346 0.7193417 0.2379115 0.795646 0.3687346 0.7193417 0.2814306 0.7097911 0.349946 0.6992426 0.3745383 0.7445949 0.3687346 0.7193417 0.4083375 0.7288855 0.3909246 0.8226191 0.3549434 0.8156332 0.3568015 0.780344 0.3568015 0.780344 0.3209224 0.8056705 0.3150143 0.8030593 0.3150143 0.8030593 0.3209224 0.8056705 0.2807142 0.8341538 0.2379115 0.795646 0.2119299 0.7361703 0.2814306 0.7097911 0.3687346 0.7193417 0.4692377 0.6834835 0.4083375 0.7288855 0.3568015 0.780344 0.3745383 0.7445949 0.3737706 0.7409409 0.3209224 0.8056705 0.3568015 0.780344 0.3549434 0.8156332 0.304265 0.8404684 0.3209224 0.8056705 0.3549434 0.8156332 0.4515354 0.6620556 0.4692377 0.6834835 0.3687346 0.7193417 0.4083375 0.7288855 0.4692377 0.6834835 0.4636218 0.6975623 0.3568015 0.780344 0.3634586 0.771237 0.3909246 0.8226191 0.4515354 0.6620556 0.3687346 0.7193417 0.349946 0.6992426 0.3745383 0.7445949 0.4083375 0.7288855 0.3737706 0.7409409 0.3634586 0.771237 0.3568015 0.780344 0.3737706 0.7409409 0.2807142 0.8341538 0.3209224 0.8056705 0.304265 0.8404684 0.4083375 0.7288855 0.4286848 0.7061464 0.3737706 0.7409409 0.2546042 0.6938436 0.2814306 0.7097911 0.2119299 0.7361703 0.4083375 0.7288855 0.4636218 0.6975623 0.4286848 0.7061464 0.4052513 0.6753435 0.4515354 0.6620556 0.349946 0.6992426 0.4052513 0.6753435 0.349946 0.6992426 0.3235483 0.7050265 0.2814306 0.7097911 0.3235483 0.7050265 0.349946 0.6992426 0.2119299 0.7361703 0.1951335 0.6937695 0.2546042 0.6938436 0.3914526 0.7321029 0.4286848 0.7061464 0.4636218 0.6975623 0.4286848 0.7061464 0.3914526 0.7321029 0.3737706 0.7409409 0.3634586 0.771237 0.3524094 0.8026278 0.3909246 0.8226191 0.2814306 0.7097911 0.2546042 0.6938436 0.3235483 0.7050265 0.4052513 0.6753435 0.4268789 0.6648549 0.4515354 0.6620556 0.5025426 0.7537014 0.511036 0.7340086 0.4653798 0.7873895 0.3652772 0.7606338 0.3634586 0.771237 0.3737706 0.7409409 0.3652772 0.7606338 0.3524094 0.8026278 0.3634586 0.771237 0.4692377 0.6834835 0.4599009 0.6843175 0.4636218 0.6975623 0.4381557 0.6979033 0.3914526 0.7321029 0.4636218 0.6975623 0.3545212 0.8070026 0.3524094 0.8026278 0.3652772 0.7606338 0.3846206 0.7329063 0.3914526 0.7321029 0.4381557 0.6979033 0.3545212 0.8070026 0.3652772 0.7606338 0.3907695 0.8209248 0.4052513 0.6753435 0.3235483 0.7050265 0.4268789 0.6648549 0.4599009 0.6843175 0.4381557 0.6979033 0.4636218 0.6975623 0.3914526 0.7321029 0.3846206 0.7329063 0.3652772 0.7606338 0.3846206 0.7329063 0.4381557 0.6979033 0.4599009 0.6843175 0.3193463 0.6976107 0.3235483 0.7050265 0.2546042 0.6938436 0.2546042 0.6938436 0.1951335 0.6937695 0.1969887 0.7243464 0.4599009 0.6843175 0.3861443 0.7343521 0.3846206 0.7329063 0.3914379 0.8087908 0.3652772 0.7606338 0.359853 0.7710209 0.359853 0.7710209 0.3652772 0.7606338 0.3846206 0.7329063 0.4268789 0.6648549 0.3235483 0.7050265 0.3193463 0.6976107 0.3861443 0.7343521 0.4599009 0.6843175 0.3616864 0.7017545 0.3914379 0.8087908 0.359853 0.7710209 0.3396283 0.8107394 0.3170317 0.797789 0.3396283 0.8107394 0.359853 0.7710209 0.3170317 0.797789 0.3032927 0.8312972 0.3396283 0.8107394 0.3193463 0.6976107 0.3616864 0.7017545 0.4268789 0.6648549 0.3032927 0.8312972 0.3170317 0.797789 0.2702846 0.82662 0.2713794 0.7183069 0.3193463 0.6976107 0.2546042 0.6938436 0.2713794 0.7183069 0.2546042 0.6938436 0.1969887 0.7243464 0.3616864 0.7017545 0.4599009 0.6843175 0.4268789 0.6648549 0.3861443 0.7343521 0.359853 0.7710209 0.3846206 0.7329063 0.3170317 0.797789 0.359853 0.7710209 0.3411659 0.7704291 0.2713794 0.7183069 0.3616864 0.7017545 0.3193463 0.6976107 0.3616864 0.7017545 0.3225663 0.7469136 0.3861443 0.7343521 0.3225663 0.7469136 0.3411659 0.7704291 0.3861443 0.7343521 0.3411659 0.7704291 0.359853 0.7710209 0.3861443 0.7343521 0.3411659 0.7704291 0.2702846 0.82662 0.3170317 0.797789 0.3411659 0.7704291 0.3225663 0.7469136 0.2702846 0.82662 0.3225663 0.7469136 0.2285768 0.8319239 0.2702846 0.82662 0.1969887 0.7243464 0.2285768 0.8319239 0.2713794 0.7183069 0.3225663 0.7469136 0.3616864 0.7017545 0.2713794 0.7183069 0.2713794 0.7183069 0.2285768 0.8319239 0.3225663 0.7469136 0.3914379 0.8087908 0.3907695 0.8209248 0.3652772 0.7606338 0.4653798 0.7873895 0.6000065 0.7307471 0.4799314 0.7928447 0.5287181 0.7251708 0.5025426 0.7537014 0.4799314 0.7928447 0.5287181 0.7251708 0.6000065 0.7307471 0.4653798 0.7873895 0.8536408 0.7713244 0.8427259 0.7761632 0.8551865 0.7885395 0.8427259 0.7761632 0.8470702 0.7752328 0.8551865 0.7885395 0.8470702 0.7752328 0.8536408 0.7713244 0.8551865 0.7885395 0.8427259 0.7761632 0.8536408 0.7713244 0.8470702 0.7752328 0.7513574 0.8321692 0.7745223 0.8059601 0.7890302 0.843021 0.7745223 0.8059601 0.7753233 0.8077734 0.7890302 0.843021 0.7753233 0.8077734 0.7513574 0.8321692 0.7890302 0.843021 0.7745223 0.8059601 0.7513574 0.8321692 0.7753233 0.8077734 0.7889003 0.7991061 0.8111644 0.7883908 0.8105137 0.8164233 0.8111644 0.7883908 0.8109949 0.7896327 0.8105137 0.8164233 0.8109949 0.7896327 0.7889003 0.7991061 0.8105137 0.8164233 0.8111644 0.7883908 0.7889003 0.7991061 0.8109949 0.7896327 0.8180581 0.7742996 0.8307293 0.759958 0.838715 0.7802199 0.8307293 0.759958 0.8312788 0.7608587 0.838715 0.7802199 0.8312788 0.7608587 0.8180581 0.7742996 0.838715 0.7802199 0.8307293 0.759958 0.8180581 0.7742996 0.8312788 0.7608587 0.8475525 0.7636708 0.8438923 0.7640772 0.8593189 0.782396 0.8438923 0.7640772 0.8512217 0.7604275 0.8593189 0.782396 0.8512217 0.7604275 0.8475525 0.7636708 0.8593189 0.782396 0.8438923 0.7640772 0.8475525 0.7636708 0.8512217 0.7604275 0.8072246 0.7870331 0.8372921 0.7688972 0.8364177 0.808993 0.8372921 0.7688972 0.8321112 0.768661 0.8364177 0.808993 0.8321112 0.768661 0.8072246 0.7870331 0.8364177 0.808993 0.8372921 0.7688972 0.8072246 0.7870331 0.8321112 0.768661 0.7897019 0.7921043 0.811442 0.7797856 0.8274087 0.7992895 0.811442 0.7797856 0.812435 0.7807055 0.8274087 0.7992895 0.812435 0.7807055 0.7897019 0.7921043 0.8274087 0.7992895 0.811442 0.7797856 0.7897019 0.7921043 0.812435 0.7807055 0.7623228 0.815804 0.7817014 0.7938817 0.7938465 0.8248744 0.7817014 0.7938817 0.7823923 0.7953614 0.7938465 0.8248744 0.7823923 0.7953614 0.7623228 0.815804 0.7938465 0.8248744 0.7817014 0.7938817 0.7623228 0.815804 0.7823923 0.7953614 0.7400887 0.8367106 0.7617982 0.8121535 0.7753725 0.84688 0.7617982 0.8121535 0.7625045 0.8138722 0.7753725 0.84688 0.7625045 0.8138722 0.7400887 0.8367106 0.7753725 0.84688 0.7617982 0.8121535 0.7400887 0.8367106 0.7625045 0.8138722 0.7230581 0.8594449 0.739241 0.8411375 0.7493318 0.867031 0.739241 0.8411375 0.7397106 0.8424909 0.7493318 0.867031 0.7397106 0.8424909 0.7230581 0.8594449 0.7493318 0.867031 0.739241 0.8411375 0.7230581 0.8594449 0.7397106 0.8424909 0.5025426 0.7537014 0.4653798 0.7873895 0.4799314 0.7928447 0.5287181 0.7251708 0.4799314 0.7928447 0.6000065 0.7307471 0.5287181 0.7251708 0.4653798 0.7873895 0.511036 0.7340086 0.1969887 0.7243464 0.2379115 0.795646 0.2285768 0.8319239 0.2285768 0.8319239 0.2379115 0.795646 0.2528101 0.8530855 0.2379115 0.795646 0.1969887 0.7243464 0.2119299 0.7361703 0.2119299 0.7361703 0.1969887 0.7243464 0.1951335 0.6937695</float_array>
          <technique_common>
            <accessor source="#Jaw-mesh-map-array" count="387" stride="2">
              <param name="S" type="float" />
              <param name="T" type="float" />
            </accessor>
          </technique_common>
        </source>
        <vertices id="Jaw-mesh-vertices">
          <input semantic="POSITION" source="#Jaw-mesh-positions" />
        </vertices>
        <triangles count="129">
          <input semantic="VERTEX" source="#Jaw-mesh-vertices" offset="0" />
          <input semantic="NORMAL" source="#Jaw-mesh-normals" offset="1" />
          <input semantic="TEXCOORD" source="#Jaw-mesh-map" offset="2" />
          <p>0 0 0 2 0 2 1 0 1 3 1 3 1 1 5 2 1 4 4 2 6 6 2 8 5 2 7 5 3 9 6 3 11 7 3 10 6 4 12 9 4 14 8 4 13 4 5 15 9 5 17 6 5 16 6 6 18 10 6 20 7 6 19 10 7 21 6 7 23 8 7 22 8 8 24 9 8 26 11 8 25 12 9 27 4 9 29 5 9 28 5 10 30 13 10 32 12 10 31 7 11 33 14 11 35 5 11 34 15 12 36 10 12 38 16 12 37 10 13 39 8 13 41 17 13 40 8 14 42 11 14 44 17 14 43 4 15 45 12 15 47 18 15 46 5 16 48 14 16 50 0 16 49 10 17 51 19 17 53 7 17 52 17 18 54 16 18 56 10 18 55 20 19 57 16 19 59 17 19 58 1 20 60 5 20 62 0 20 61 14 21 63 21 21 65 0 21 64 10 22 66 15 22 68 22 22 67 1 23 69 13 23 71 5 23 70 7 24 72 19 24 74 14 24 73 22 25 75 19 25 77 10 25 76 11 26 78 20 26 80 17 26 79 14 27 81 19 27 83 23 27 82 24 28 84 18 28 86 12 28 85 14 29 87 23 29 89 21 29 88 25 30 90 13 30 92 1 30 91 25 31 93 26 31 95 13 31 94 12 32 96 13 32 98 26 32 97 18 33 99 24 33 101 27 33 100 28 34 102 21 34 104 23 34 103 23 35 105 19 35 107 28 35 106 22 36 108 15 36 110 29 36 109 12 37 111 26 37 113 24 37 112 25 38 114 1 38 116 3 38 115 30 39 117 31 39 119 19 39 118 30 40 120 19 40 122 22 40 121 30 41 123 22 41 125 29 41 124 0 42 126 21 42 128 2 42 127 32 43 129 21 43 131 28 43 130 33 44 132 30 44 134 29 44 133 34 45 135 32 45 137 28 45 136 33 46 138 35 46 140 30 46 139 25 47 141 3 47 143 26 47 142 2 48 144 21 48 146 32 48 145 28 49 147 30 49 149 34 49 148 34 50 150 2 50 152 32 50 151 36 51 153 24 51 155 26 51 154 24 52 156 37 52 158 27 52 157 2 53 159 34 53 161 38 53 160 39 54 162 40 54 164 30 54 163 40 55 165 34 55 167 30 55 166 3 56 168 36 56 170 26 56 169 38 57 171 41 57 173 2 57 172 39 58 174 42 58 176 40 58 175 43 59 177 40 59 179 42 59 178 43 60 180 42 60 182 44 60 181 36 61 183 3 61 185 41 61 184 44 62 186 45 62 188 43 62 187 46 63 189 24 63 191 36 63 190 46 64 192 37 64 194 24 64 193 41 65 195 3 65 197 2 65 196 38 66 198 34 66 200 40 66 199 43 67 201 47 67 203 40 67 202 46 68 204 36 68 206 41 68 205 41 69 207 38 69 209 48 69 208 48 70 210 38 70 212 47 70 211 47 71 213 38 71 215 40 71 214 47 72 216 43 72 218 45 72 217 47 73 219 45 73 221 48 73 220 48 74 222 45 74 224 49 74 223 37 75 225 46 75 227 49 75 226 48 76 228 46 76 230 41 76 229 46 77 231 48 77 233 49 77 232 39 78 234 30 78 236 35 78 235 31 79 237 51 79 239 50 79 238 28 80 240 51 80 242 30 80 241 28 81 243 31 81 245 50 81 244 52 82 246 54 82 248 53 82 247 53 83 249 54 83 251 55 83 250 55 84 252 54 84 254 52 84 253 53 85 255 55 85 257 52 85 256 56 86 258 58 86 260 57 86 259 57 87 261 58 87 263 59 87 262 59 88 264 58 88 266 56 88 265 57 89 267 59 89 269 56 89 268 60 90 270 62 90 272 61 90 271 61 91 273 62 91 275 63 91 274 63 92 276 62 92 278 60 92 277 61 93 279 63 93 281 60 93 280 64 94 282 66 94 284 65 94 283 65 95 285 66 95 287 67 95 286 67 96 288 66 96 290 64 96 289 65 97 291 67 97 293 64 97 292 68 98 294 70 98 296 69 98 295 69 99 297 70 99 299 71 99 298 71 100 300 70 100 302 68 100 301 69 101 303 71 101 305 68 101 304 72 102 306 74 102 308 73 102 307 73 103 309 74 103 311 75 103 310 75 104 312 74 104 314 72 104 313 73 105 315 75 105 317 72 105 316 76 106 318 78 106 320 77 106 319 77 107 321 78 107 323 79 107 322 79 108 324 78 108 326 76 108 325 77 109 327 79 109 329 76 109 328 80 110 330 82 110 332 81 110 331 81 111 333 82 111 335 83 111 334 83 112 336 82 112 338 80 112 337 81 113 339 83 113 341 80 113 340 84 114 342 86 114 344 85 114 343 85 115 345 86 115 347 87 115 346 87 116 348 86 116 350 84 116 349 85 117 351 87 117 353 84 117 352 88 118 354 90 118 356 89 118 355 89 119 357 90 119 359 91 119 358 91 120 360 90 120 362 88 120 361 89 121 363 91 121 365 88 121 364 30 122 366 51 122 368 31 122 367 28 123 369 50 123 371 51 123 370 28 124 372 19 124 374 31 124 373 37 125 375 49 125 377 4 125 376 49 126 378 9 126 380 4 126 379 4 127 381 18 127 383 37 127 382 18 128 384 27 128 386 37 128 385</p>
        </triangles>
      </mesh>
    </geometry>
    <geometry id="Head-mesh" name="Head">
      <mesh>
        <source id="Head-mesh-positions">
          <float_array id="Head-mesh-positions-array" count="345">-0.1606763 0.4912639 -0.2105973 -0.2011137 0.5135573 -0.1433998 -0.1760569 0.3893629 -0.05636245 -0.157456 0.4748409 0.008505463 -0.1094626 0.6313748 -0.08799433 -0.1689255 0.2850331 -0.01631706 -0.1296648 0.4109241 0.1477385 -0.1136514 0.6460629 -0.2490466 -0.1019052 0.5580693 -0.01552551 -0.1190532 0.4401527 -0.1981359 -0.1174224 0.3712622 -0.09534662 -0.09653717 0.8138781 -0.2719597 -0.1231009 0.2173238 0.1418293 -0.06714397 0.7938666 -0.3533182 -0.03228831 0.7796503 -0.06211519 -0.03510069 0.5172314 -0.2196072 -0.09071701 0.5397112 0.04187613 -0.1053583 0.5283859 0.1041179 -0.1225771 0.3194715 -0.08158105 -0.06594681 0.3615558 0.2025799 -0.1532552 0.1937823 -0.1086116 -0.0478084 -0.01210451 0.2295308 -0.0991351 -0.1330952 -0.05014842 -0.1106436 0.03293412 0.1031236 -0.117675 0.1152532 0.01035106 -0.09434139 0.08237135 -0.1903653 -0.02598351 0.00941807 -0.2483353 -0.03122454 -0.2097471 0.1530095 -0.02787953 0.8945352 -0.3352358 -0.02316826 0.9101079 -0.2017343 0.01253283 0.7870021 -0.3431994 -0.05127203 0.6285743 0.03109771 -0.05828619 0.582547 0.1246281 -0.02629894 0.268991 0.2589573 0.04349488 0.8750004 -0.3639978 -0.01415097 0.4741742 -0.05017095 -0.05091542 0.4696175 0.003227174 -0.03813624 0.5118116 -0.02805465 0.01872569 0.4646539 0.1757904 -0.01984399 0.5351328 -0.03081393 0.0345413 0.5179908 -0.03565675 -0.02690505 0.533201 -0.02851212 -0.02774316 0.5452767 -0.03099191 0.040834 0.6580328 0.05086427 0.005782008 0.4831423 -0.01843911 0.06055074 0.8449828 -0.1000586 0.0970723 0.6769674 -0.2903035 0.06235623 0.4615442 -0.04129987 0.1158313 0.8124085 -0.3425362 0.06164211 0.5166279 -0.2170326 0.01236867 -0.1687539 -0.2043541 0.1110247 0.05839014 -0.1854394 0.03309714 0.1742826 0.271088 0.09175926 0.880976 -0.2405441 0.0274809 0.4340237 -0.2058902 -0.001117587 0.4245922 -0.2133626 0.07312881 0.4752579 0.00704205 0.1170783 0.6686544 -0.0692377 0.0963518 0.588828 0.04307115 0.090128 0.5746948 0.1362314 0.1399505 0.4400781 0.1663358 0.1926528 0.236662 -0.01948094 0.138566 0.1076921 0.00142765 0.131626 0.232155 0.1594173 0.05259835 -0.08523064 0.2024016 0.1445537 0.546142 -0.01744008 0.1218018 0.528084 0.05001169 0.1317133 0.5130046 0.1231827 0.1478294 0.5065078 -0.2348921 0.136061 0.3691105 -0.101334 0.1758061 0.3058261 -0.07345867 0.2067732 0.3698331 -0.04502367 0.08724796 -0.1596537 -0.0207594 0.179219 0.6383455 -0.2148472 0.1890397 0.4553851 0.02942097 0.2272382 0.5222908 -0.09773057 0.157999 0.4144881 -0.1761165 0.2277874 0.4657303 -0.1767367 0.1986868 0.3454222 0.0973351 0.1287301 0.6069526 -0.2211055 0.1309652 0.6222103 -0.2957745 0.1282727 0.6896207 -0.2416771 0.1577326 0.626514 -0.2909927 -0.0920062 0.4923322 -0.1917836 -0.08972978 0.5078714 -0.2678297 -0.09247195 0.5765253 -0.2127345 -0.06246846 0.5122544 -0.2629598 0.1597241 0.5413258 -0.2270298 0.161078 0.5505684 -0.2722613 0.1594471 0.5914029 -0.2394912 0.1772927 0.5531753 -0.2693648 0.1110706 0.6926442 -0.2738249 0.1166377 0.696465 -0.3360882 0.1020339 0.756484 -0.301019 0.137386 0.7040501 -0.3312584 -0.09756934 0.6186563 -0.2309798 -0.09580421 0.6307053 -0.2899457 -0.09793049 0.6839398 -0.2472251 -0.07466602 0.634104 -0.2861697 0.01397871 0.8104006 -0.3451732 0.04116135 0.7987658 -0.3750808 0.05824059 0.8249457 -0.3390507 0.04499316 0.7880176 -0.3650615 -0.0756244 0.7011795 -0.2774026 -0.07518184 0.7132617 -0.3363873 -0.07816028 0.7664208 -0.2936244 -0.05409276 0.7172768 -0.332958 -0.0502395 0.8008063 -0.3439842 -0.02305686 0.7891716 -0.3738917 -0.005977869 0.8153514 -0.3378615 -0.01922518 0.7784234 -0.3638724 0.08056265 0.8018909 -0.3403859 0.1029319 0.772288 -0.3601855 0.1186254 0.786585 -0.3174709 0.09550368 0.7628446 -0.3509002</float_array>
          <technique_common>
            <accessor source="#Head-mesh-positions-array" count="115" stride="3">
              <param name="X" type="float" />
              <param name="Y" type="float" />
              <param name="Z" type="float" />
            </accessor>
          </technique_common>
        </source>
        <source id="Head-mesh-normals">
          <float_array id="Head-mesh-normals-array" count="522">-0.8321181 -0.4209424 -0.3610914 -0.8117713 0.4659236 0.3520549 -0.9611215 -0.000397417 0.2761256 -0.9753769 0.0177077577 0.219832271 -0.8038225 0.5901567 0.07472944 -0.5604942 0.5522848 0.6171125 -0.622891665 -0.622712433 -0.473534852 -0.5911209 -0.323935 -0.738676 -0.9750915 0.04782599 0.2165856 -0.9937106 0.1061925 0.0355302 -0.8328674 0.118736789 -0.540586352 -0.5290502 -0.708773 -0.4666334 -0.9642173 -0.0406872556 0.261972159 -0.9356304 0.0476641543 -0.349748284 -0.8604066 0.3907222 0.3271647 -0.02113884 -0.2349504 -0.9717775 -0.01767313 -0.2503958 -0.9679822 -0.737569 0.5881066 0.3318475 -0.6888571 0.7242655 -0.0302568 -0.8976932 0.3041531 0.3188068 -0.7915854 -0.08215426 -0.605510652 -0.6716182 -0.04534262 0.7395086 -0.941567063 -0.305394381 0.142076388 -0.8823891 -0.3507231 0.3136604 -0.963813961 -0.228368774 0.137514487 -0.9930395 -0.0479229 -0.1075916 -0.9974451 -0.07018369 0.01332271 -0.7885346 -0.323017567 -0.523328543 -0.9970511 -0.07634013 0.007830083 -0.9056294 -0.1448478 0.3985657 -0.9515757 -0.17712459 0.251257867 -0.8289252 0.394534737 -0.396516532 -0.7780679 0.6265212 -0.04562485 0.05210613 -0.586572051 -0.8082191 -0.8576801 0.417170227 0.300589174 -0.6958192 0.3721141 0.6143019 -0.7690452 -0.008061169 0.6391435 -0.2924649 0.2784013 -0.9148535 0.09935706 -0.2618499 -0.9599806 -0.8512488 0.410016745 0.327508181 -0.8454311 0.3288634 0.4208267 -0.7759818 0.587051153 0.230701566 -0.910846055 0.386860251 -0.143869981 0.803343058 0.178011388 0.568288445 -0.327767462 0.480550051 0.8134126 -0.7798962 0.04612916 0.6242067 -0.8343003 0.3616021 0.4161575 0.100705 0.03863692 0.9941658 0.2501707 0.2113893 0.9448435 0.3455557 -0.1616744 0.9243661 0.2291159 0.5095837 0.8293554 0.150152192 -0.09987906 -0.9836048 -0.267728 0.9580185 -0.1025785 -0.2372482 0.717494 0.6549166 -0.2119439 -0.3239303 -0.9220353 0.130321592 -0.439257741 0.8888582 -0.180445388 -0.5499321 -0.815484 -0.2620408 0.2350239 0.9360013 -0.243462369 0.426325142 0.8711905 -0.09747225 -0.491033 -0.8656708 -0.1404882 -0.3011808 -0.9431613 -0.3554512 0.848932 0.3911123 0.1932664 0.9056726 -0.3773664 0.06821233 -0.2521447 -0.9652824 -0.1316322 0.6310504 0.7644923 -0.3357207 0.5248098 0.7822188 0.02153539 -0.4194681 -0.9075146 0.4496873 -0.1216293 -0.8848659 -0.3131706 -0.07514345 0.9467194 0.2126624 0.968437 -0.1300175 0.205477372 0.971210063 -0.120540187 0.328864276 0.8946922 0.302281678 0.245124474 0.0245894659 -0.9691797 0.0254289471 -0.143956184 -0.9892573 0.2292068 -0.5766119 -0.7842085 0.09688085 -0.3697793 -0.9240549 0.7794795 0.3416613 0.5250518 0.70502305 0.510105133 0.492681742 -0.140706286 -0.16689758 0.9758826 -0.40090695 0.529016852 0.747940361 0.2261303 0.9227281 -0.3121504 0.1275752 0.2611903 0.9568199 0.8966514 -0.327784657 0.297613084 0.6504151 0.265727073 0.711582243 0.07905899 -0.249506667 0.9651404 -0.0116979992 -0.361882269 0.932150364 0.7797133 0.6092308 0.1445166 -0.8391024 -0.444787741 0.313162982 0.833996356 0.393603146 0.386686534 0.9232057 0.3814905 -0.04643517 0.752698064 0.396169543 0.525828242 0.0704516 -0.035990648 0.9968657 0.311181664 0.310214669 0.8982944 0.6737138 0.6770512 -0.2961612 -0.229715124 -0.36207062 -0.903402448 0.8366653 0.361576 0.411405 0.8345716 0.53366524 0.13671729 0.621984541 0.0463287756 -0.7816577 0.9789138 -0.179871 -0.09682047 -0.8046607 -0.29972294 -0.5125302 0.9589728 -0.2006957 0.2002311 0.7725015 -0.1075914 0.6258318 0.9536525 -0.208006576 0.217439964 0.5291659 -0.3681219 -0.7645062 0.8969262 0.337477922 0.285713434 0.7274181 0.560761 0.3954871 0.739011 0.672592 0.0385066122 0.8841672 0.307816565 0.351421773 0.9409209 0.338581175 -0.00554716447 0.6643161 -0.0447283275 -0.7461122 0.8852765 0.351377577 0.304662555 0.6940891 0.4067783 0.593946 0.34391427 -0.478168845 -0.808132052 0.6491995 0.575191 0.49769 0.338104457 -0.8452883 -0.413730651 0.72383523 -0.6129435 0.316801131 0.5830135 -0.0153046818 -0.812318444 0.888462067 0.295056462 0.351534873 0.724202 -0.051875 0.687634051 0.8845278 -0.3633267 0.2925822 0.9198187 -0.391002953 -0.032406915 0.8730007 -0.3509716 -0.3386574 0.527978241 -0.724434853 -0.44320783 0.8448098 -0.1858173 -0.5017653 0.9875732 0.1356524 0.07935792 0.9944113 -0.097822465 0.0397112854 0.9587589 0.234215826 -0.161010608 0.7990461 0.5576099 0.224936366 0.9911241 -0.1047381 0.0818718 0.9621292 -0.03572332 0.2702428 -0.1812053 -0.3113551 -0.9328573 -0.8925582 -0.4499297 -0.03005284 -0.08246928 -0.941225 -0.3275583 -0.1575933 -0.9810289 0.1129009 -0.999371469 -0.0136685278 -0.0327076279 0.038383536 0.626358151 -0.7785899 0.9075423 0.1061344 0.406328 0.1890115 -0.9631893 -0.1911575 -0.9993714 -0.0136678778 -0.0327087566 0.0383822881 0.626357853 -0.7785901 0.9075414 0.1061333 0.4063304 0.189008564 -0.9631893 -0.19115977 -0.9993715 -0.01366651 -0.03270673 0.0383793674 0.626359046 -0.7785893 0.9075427 0.106132686 0.406327426 0.189004466 -0.9631904 -0.191158473 -0.978619158 -0.180517986 -0.09857831 0.01517385 0.5071865 -0.8617028 0.8399128 0.308959663 0.446195453 0.3486322 -0.93689 -0.02632039 -0.9993714 -0.013667698 -0.0327087566 0.03837329 0.6263534 -0.7785942 0.9075424 0.1061322 0.4063285 0.1890143 -0.9631883 -0.1911597 -0.203938827 0.835428 -0.51036185 0.9153169 -0.04659003 -0.4000306 0.0844797343 -0.593873858 0.8001106 -0.6900877 -0.609622538 -0.39005056 -0.9989478 -0.0428754576 -0.0162773672 0.007288932 0.6270297 -0.7789613 0.9106103 0.1327084 0.3913788 0.213883474 -0.9573031 -0.194485277 -0.2039389 0.8354306 -0.5103573 0.9153174 -0.0465905 -0.4000293 0.0844790861 -0.593875349 0.800109565 -0.690085948 -0.609617531 -0.390061349 0.5501936 0.7098678 -0.439744 0.7554993 -0.6524712 -0.05917918 -0.5858336 -0.4120832 0.6978441 -0.7276505 -0.0955229253 -0.679264367 0.09109245 0.620012164 -0.7792862 0.08970159 0.7158216 -0.6924977 0.113515 0.6486313 -0.7525901 0.09617077 0.672917247 -0.733439565</float_array>
          <technique_common>
            <accessor source="#Head-mesh-normals-array" count="174" stride="3">
              <param name="X" type="float" />
              <param name="Y" type="float" />
              <param name="Z" type="float" />
            </accessor>
          </technique_common>
        </source>
        <source id="Head-mesh-map">
          <float_array id="Head-mesh-map-array" count="1044">0.3777966 0.8235048 0.3712199 0.8559204 0.3028531 0.8612918 0.321637 0.9061775 0.3712199 0.8559204 0.4058353 0.9032703 0.3028531 0.8612918 0.3712199 0.8559204 0.321637 0.9061775 0.2528101 0.8530855 0.3028531 0.8612918 0.2643281 0.9464722 0.4482516 0.8426213 0.4058353 0.9032703 0.3712199 0.8559204 0.4058353 0.9032703 0.3600968 0.9151157 0.321637 0.9061775 0.3028531 0.8612918 0.3549434 0.8156332 0.3777966 0.8235048 0.2528101 0.8530855 0.304265 0.8404684 0.3028531 0.8612918 0.321637 0.9061775 0.2643281 0.9464722 0.3028531 0.8612918 0.4058353 0.9032703 0.4482516 0.8426213 0.5208422 0.8718973 0.3712199 0.8559204 0.3777966 0.8235048 0.4482516 0.8426213 0.3028531 0.8612918 0.304265 0.8404684 0.3549434 0.8156332 0.1891602 0.8992512 0.2528101 0.8530855 0.2643281 0.9464722 0.4482516 0.8426213 0.5320435 0.8341088 0.5208422 0.8718973 0.4605184 0.9474851 0.4058353 0.9032703 0.5208422 0.8718973 0.3777966 0.8235048 0.3909246 0.8226191 0.4482516 0.8426213 0.3909246 0.8226191 0.3777966 0.8235048 0.3549434 0.8156332 0.3396099 0.9337104 0.321637 0.9061775 0.3600968 0.9151157 0.3396099 0.9337104 0.3208072 0.9561588 0.321637 0.9061775 0.321637 0.9061775 0.3208072 0.9561588 0.2643281 0.9464722 0.2528101 0.8530855 0.2807142 0.8341538 0.304265 0.8404684 0.2311299 0.9564914 0.1891602 0.8992512 0.2643281 0.9464722 0.2379115 0.795646 0.2528101 0.8530855 0.1891602 0.8992512 0.0758503 0.8798601 0.09537637 0.7424697 0.1252987 0.8412139 0.1891602 0.8992512 0.1792052 0.8235711 0.2379115 0.795646 0.09537637 0.7424697 0.2119299 0.7361703 0.1792052 0.8235711 0.1252987 0.8412139 0.1792052 0.8235711 0.1891602 0.8992512 0.1951335 0.6937695 0.2119299 0.7361703 0.09537637 0.7424697 0.1252987 0.8412139 0.09537637 0.7424697 0.1792052 0.8235711 0.1252987 0.8412139 0.1891602 0.8992512 0.0758503 0.8798601 0.01505357 0.803051 0.09537637 0.7424697 0.0758503 0.8798601 0.5698125 0.8639284 0.5208422 0.8718973 0.5320435 0.8341088 0.5698125 0.8639284 0.5457765 0.9215081 0.5208422 0.8718973 0.4482516 0.8426213 0.5291739 0.8346012 0.5320435 0.8341088 0.3396099 0.9337104 0.3600968 0.9151157 0.3777987 0.9498211 0.3208072 0.9561588 0.3376421 0.9768671 0.2643281 0.9464722 0.1801425 0.9572671 0.0758503 0.8798601 0.1891602 0.8992512 0.5320435 0.8341088 0.5708594 0.8461216 0.5698125 0.8639284 0.5291739 0.8346012 0.5708594 0.8461216 0.5320435 0.8341088 0.4605184 0.9474851 0.5208422 0.8718973 0.5457765 0.9215081 0.4058353 0.9032703 0.3777987 0.9498211 0.3600968 0.9151157 0.3777987 0.9498211 0.3376421 0.9768671 0.3208072 0.9561588 0.3208072 0.9561588 0.3396099 0.9337104 0.3777987 0.9498211 0.3345357 0.8802691 0.3204209 0.9013314 0.3445591 0.8984074 0.2311299 0.9564914 0.2643281 0.9464722 0.2777221 0.9694682 0.1801425 0.9572671 0.1891602 0.8992512 0.2311299 0.9564914 0.3777987 0.9498211 0.4058353 0.9032703 0.4605184 0.9474851 0.3445591 0.8984074 0.3545984 0.9024865 0.3488582 0.8956497 0.3545984 0.9024865 0.3532755 0.9030666 0.3587105 0.9049099 0.3532755 0.9030666 0.3545984 0.9024865 0.3445591 0.8984074 0.2777221 0.9694682 0.3376421 0.9768671 0.3856744 0.9642406 0.3307399 0.894881 0.3532755 0.9030666 0.3445591 0.8984074 0.3345357 0.8802691 0.3307399 0.894881 0.3204209 0.9013314 0.4978812 0.9467425 0.4605184 0.9474851 0.5457765 0.9215081 0.3307399 0.894881 0.3545984 0.9024865 0.3532755 0.9030666 0.3488582 0.8956497 0.3345357 0.8802691 0.3445591 0.8984074 0.3307399 0.894881 0.3445591 0.8984074 0.3204209 0.9013314 0.2777221 0.9694682 0.2643281 0.9464722 0.3376421 0.9768671 0.2777221 0.9694682 0.1801425 0.9572671 0.2311299 0.9564914 0.4739341 0.828005 0.5291739 0.8346012 0.4482516 0.8426213 0.3909246 0.8226191 0.4739341 0.828005 0.4482516 0.8426213 0.3856744 0.9642406 0.3376421 0.9768671 0.3777987 0.9498211 0.3272069 0.8795042 0.3307399 0.894881 0.3345357 0.8802691 0.5291739 0.8346012 0.542442 0.8383137 0.5708594 0.8461216 0.4978812 0.9467425 0.3856744 0.9642406 0.4605184 0.9474851 0.3856744 0.9642406 0.3777987 0.9498211 0.4605184 0.9474851 0.3907695 0.8209248 0.4739341 0.828005 0.3909246 0.8226191 0.1132955 0.6685804 0.1969887 0.7243464 0.1951335 0.6937695 0.1801425 0.9572671 0.1376016 0.9393416 0.0758503 0.8798601 0.5698125 0.8639284 0.5708594 0.8461216 0.5463016 0.8971421 0.5463016 0.8971421 0.5457765 0.9215081 0.5698125 0.8639284 0.5463016 0.8971421 0.4978812 0.9467425 0.5457765 0.9215081 0.3545212 0.8070026 0.3909246 0.8226191 0.3524094 0.8026278 0.3909246 0.8226191 0.3545212 0.8070026 0.3907695 0.8209248 0.3213919 0.9023665 0.3488582 0.8956497 0.3307399 0.894881 0.5291739 0.8346012 0.4739341 0.828005 0.542442 0.8383137 0.4978812 0.9467425 0.4189496 0.916593 0.3856744 0.9642406 0.3856744 0.9642406 0.4189496 0.916593 0.3593935 0.9440696 0.3272069 0.8795042 0.3345357 0.8802691 0.3488582 0.8956497 0.3856744 0.9642406 0.3315362 0.9792314 0.2777221 0.9694682 0.3213919 0.9023665 0.3307399 0.894881 0.3272069 0.8795042 0.2777221 0.9694682 0.3315362 0.9792314 0.2686282 0.9589958 0.2285768 0.8319239 0.1718679 0.8112029 0.1850254 0.9061197 0.1850254 0.9061197 0.1376016 0.9393416 0.2777221 0.9694682 0.04894876 0.8497732 0.0758503 0.8798601 0.1376016 0.9393416 0.04894876 0.8497732 0.01505357 0.803051 0.0758503 0.8798601 0.3593935 0.9440696 0.3315362 0.9792314 0.3856744 0.9642406 0.3213919 0.9023665 0.3272069 0.8795042 0.3488582 0.8956497 0.3593935 0.9440696 0.3562487 0.9082031 0.3327631 0.9320958 0.3327631 0.9320958 0.309093 0.958735 0.3593935 0.9440696 0.309093 0.958735 0.2686282 0.9589958 0.3315362 0.9792314 0.2686282 0.9589958 0.1850254 0.9061197 0.2777221 0.9694682 0.1801425 0.9572671 0.2777221 0.9694682 0.1376016 0.9393416 0.542442 0.8383137 0.5463016 0.8971421 0.5708594 0.8461216 0.3907695 0.8209248 0.3914379 0.8087908 0.4739341 0.828005 0.3562487 0.9082031 0.3593935 0.9440696 0.4189496 0.916593 0.3593935 0.9440696 0.309093 0.958735 0.3315362 0.9792314 0.3032927 0.8312972 0.2702846 0.82662 0.2896304 0.8530547 0.1969887 0.7243464 0.0707969 0.7409039 0.1718679 0.8112029 0.09537637 0.7424697 0.1132955 0.6685804 0.1951335 0.6937695 0.1718679 0.8112029 0.0707969 0.7409039 0.1850254 0.9061197 0.1376016 0.9393416 0.1850254 0.9061197 0.04894876 0.8497732 0.1850254 0.9061197 0.0707969 0.7409039 0.04894876 0.8497732 0.4739341 0.828005 0.4416463 0.8478351 0.542442 0.8383137 0.4978812 0.9467425 0.5463016 0.8971421 0.4189496 0.916593 0.3562487 0.9082031 0.3073756 0.9051274 0.3327631 0.9320958 0.3327631 0.9320958 0.3073756 0.9051274 0.309093 0.958735 0.2686282 0.9589958 0.309093 0.958735 0.3073756 0.9051274 0.4416463 0.8478351 0.5463016 0.8971421 0.542442 0.8383137 0.3914379 0.8087908 0.4416463 0.8478351 0.4739341 0.828005 0.5463016 0.8971421 0.4416463 0.8478351 0.4189496 0.916593 0.3562487 0.9082031 0.4189496 0.916593 0.365745 0.8675332 0.3396283 0.8107394 0.3610906 0.8208069 0.3914379 0.8087908 0.365745 0.8675332 0.3073756 0.9051274 0.3562487 0.9082031 0.3396283 0.8107394 0.3032927 0.8312972 0.2896304 0.8530547 0.04894876 0.8497732 0.0707969 0.7409039 0.01505357 0.803051 0.4416463 0.8478351 0.3914379 0.8087908 0.3610906 0.8208069 0.2453007 0.9066814 0.2686282 0.9589958 0.3073756 0.9051274 0.2453007 0.9066814 0.1850254 0.9061197 0.2686282 0.9589958 0.2285768 0.8319239 0.1850254 0.9061197 0.2453007 0.9066814 0.2285768 0.8319239 0.1969887 0.7243464 0.1718679 0.8112029 0.1969887 0.7243464 0.1132955 0.6685804 0.0707969 0.7409039 0.3610906 0.8208069 0.3396283 0.8107394 0.2896304 0.8530547 0.2896304 0.8530547 0.2702846 0.82662 0.2285768 0.8319239 0.3073756 0.9051274 0.2896304 0.8530547 0.2453007 0.9066814 0.2453007 0.9066814 0.2896304 0.8530547 0.2285768 0.8319239 0.3610906 0.8208069 0.365745 0.8675332 0.4416463 0.8478351 0.4416463 0.8478351 0.365745 0.8675332 0.4189496 0.916593 0.2896304 0.8530547 0.365745 0.8675332 0.3610906 0.8208069 0.3073756 0.9051274 0.365745 0.8675332 0.2896304 0.8530547 0.3545984 0.9024865 0.3307399 0.894881 0.3488582 0.8956497 0.2379115 0.795646 0.1792052 0.8235711 0.2119299 0.7361703 0.01505357 0.803051 0.0707969 0.7409039 0.09537637 0.7424697 0.1132955 0.6685804 0.09537637 0.7424697 0.0707969 0.7409039 0.821776 0.9318249 0.8488858 0.9010248 0.866015 0.9446355 0.8488858 0.9010248 0.8501405 0.9035539 0.866015 0.9446355 0.8501405 0.9035539 0.821776 0.9318249 0.866015 0.9446355 0.8488858 0.9010248 0.821776 0.9318249 0.8501405 0.9035539 0.7591692 0.921031 0.7858945 0.8907262 0.8026552 0.9336299 0.7858945 0.8907262 0.7868657 0.8931722 0.8026552 0.9336299 0.7868657 0.8931722 0.7591692 0.921031 0.8026552 0.9336299 0.7858945 0.8907262 0.7591692 0.921031 0.7868657 0.8931722 0.7929841 0.9103273 0.8094823 0.8916063 0.8198553 0.9181022 0.8094823 0.8916063 0.8101426 0.8931177 0.8198553 0.9181022 0.8101426 0.8931177 0.7929841 0.9103273 0.8198553 0.9181022 0.8094823 0.8916063 0.7929841 0.9103273 0.8101426 0.8931177 0.8756054 0.9309055 0.894059 0.902758 0.912469 0.9357349 0.894059 0.902758 0.8968733 0.9063946 0.912469 0.9357349 0.8968733 0.9063946 0.8756054 0.9309055 0.912469 0.9357349 0.894059 0.902758 0.8756054 0.9309055 0.8968733 0.9063946 0.8263754 0.936562 0.8470727 0.9130421 0.8601449 0.9463424 0.8470727 0.9130421 0.8480241 0.9150095 0.8601449 0.9463424 0.8480241 0.9150095 0.8263754 0.936562 0.8601449 0.9463424 0.8470727 0.9130421 0.8263754 0.936562 0.8480241 0.9150095 0.9464367 0.9321853 0.9497687 0.9145264 0.9530873 0.9376977 0.9497687 0.9145264 0.9422838 0.9161586 0.9530873 0.9376977 0.9422838 0.9161586 0.9464367 0.9321853 0.9530873 0.9376977 0.9497687 0.9145264 0.9464367 0.9321853 0.9422838 0.9161586 0.8762408 0.9366299 0.8969719 0.9130623 0.9100806 0.946501 0.8969719 0.9130623 0.8984581 0.9150438 0.9100806 0.946501 0.8984581 0.9150438 0.8762408 0.9366299 0.9100806 0.946501 0.8969719 0.9130623 0.8762408 0.9366299 0.8984581 0.9150438 0.9396184 0.9319439 0.9428949 0.9144546 0.9461571 0.9374006 0.9428949 0.9144546 0.935479 0.9160707 0.9461571 0.9374006 0.935479 0.9160707 0.9396184 0.9319439 0.9461571 0.9374006 0.9428949 0.9144546 0.9396184 0.9319439 0.935479 0.9160707 0.9434373 0.9302664 0.9355449 0.9124286 0.9314425 0.9357489 0.9355449 0.9124286 0.9284394 0.9144291 0.9314425 0.9357489 0.9284394 0.9144291 0.9434373 0.9302664 0.9314425 0.9357489 0.9355449 0.9124286 0.9434373 0.9302664 0.9284394 0.9144291 0.2379115 0.795646 0.2119299 0.7361703 0.1969887 0.7243464 0.2379115 0.795646 0.2285768 0.8319239 0.2528101 0.8530855 0.2285768 0.8319239 0.2379115 0.795646 0.1969887 0.7243464 0.1969887 0.7243464 0.2119299 0.7361703 0.1951335 0.6937695</float_array>
          <technique_common>
            <accessor source="#Head-mesh-map-array" count="522" stride="2">
              <param name="S" type="float" />
              <param name="T" type="float" />
            </accessor>
          </technique_common>
        </source>
        <vertices id="Head-mesh-vertices">
          <input semantic="POSITION" source="#Head-mesh-positions" />
        </vertices>
        <triangles count="174">
          <input semantic="VERTEX" source="#Head-mesh-vertices" offset="0" />
          <input semantic="NORMAL" source="#Head-mesh-normals" offset="1" />
          <input semantic="TEXCOORD" source="#Head-mesh-map" offset="2" />
          <p>0 0 0 2 0 2 1 0 1 3 1 3 4 1 5 1 1 4 2 2 6 3 2 8 1 2 7 5 3 9 6 3 11 2 3 10 7 4 12 1 4 14 4 4 13 4 5 15 3 5 17 8 5 16 2 6 18 0 6 20 9 6 19 5 7 21 2 7 23 10 7 22 3 8 24 2 8 26 6 8 25 4 9 27 11 9 29 7 9 28 1 10 30 7 10 32 0 10 31 2 11 33 9 11 35 10 11 34 12 12 36 6 12 38 5 12 37 7 13 39 11 13 41 13 13 40 14 14 42 11 14 44 4 14 43 0 15 45 7 15 47 15 15 46 15 16 48 9 16 50 0 16 49 16 17 51 8 17 53 3 17 52 16 18 54 3 18 56 17 18 55 3 19 57 6 19 59 17 19 58 5 20 60 10 20 62 18 20 61 19 21 63 6 21 65 12 21 64 20 22 66 12 22 68 5 22 67 21 23 69 23 23 71 22 23 70 12 24 72 20 24 74 24 24 73 22 25 75 24 25 77 25 25 76 23 26 78 12 26 80 24 26 79 26 27 81 22 27 83 25 27 82 23 28 84 24 28 86 22 28 85 23 29 87 21 29 89 12 29 88 27 30 90 21 30 92 22 30 91 28 31 93 13 31 95 11 31 94 28 32 96 11 32 98 29 32 97 7 33 99 13 33 101 30 33 100 16 34 102 31 34 104 8 34 103 17 35 105 6 35 107 32 35 106 33 36 108 12 36 110 21 36 109 13 37 111 28 37 113 34 37 112 30 38 114 13 38 116 34 38 115 14 39 117 29 39 119 11 39 118 4 40 120 8 40 122 31 40 121 31 41 123 17 41 125 32 41 124 17 42 126 31 42 128 16 42 127 35 43 129 37 43 131 36 43 130 19 44 132 38 44 134 6 44 133 33 45 135 19 45 137 12 45 136 31 46 138 14 46 140 4 46 139 37 47 141 40 47 143 39 47 142 39 48 144 42 48 146 41 48 145 41 49 147 37 49 149 39 49 148 38 50 150 43 50 152 32 50 151 44 51 153 37 51 155 41 51 154 35 52 156 36 52 158 44 52 157 45 53 159 29 53 161 14 53 160 44 54 162 41 54 164 39 54 163 40 55 165 37 55 167 35 55 166 44 56 168 36 56 170 37 56 169 38 57 171 32 57 173 6 57 172 38 58 174 19 58 176 33 58 175 46 59 177 7 59 179 30 59 178 15 60 180 7 60 182 46 60 181 43 61 183 31 61 185 32 61 184 47 62 186 35 62 188 44 62 187 30 63 189 34 63 191 48 63 190 45 64 192 14 64 194 43 64 193 43 65 195 14 65 197 31 65 196 49 66 198 15 66 200 46 66 199 50 67 201 26 67 203 51 67 202 33 68 204 21 68 206 52 68 205 28 69 207 53 69 209 34 69 208 53 70 210 28 70 212 29 70 211 53 71 213 29 71 215 45 71 214 54 72 216 55 72 218 15 72 217 15 73 219 49 73 221 54 73 220 56 74 222 44 74 224 40 74 223 30 75 225 48 75 227 46 75 226 45 76 228 43 76 230 57 76 229 43 77 231 58 77 233 57 77 232 47 78 234 40 78 236 35 78 235 43 79 237 38 79 239 59 79 238 56 80 240 47 80 242 44 80 241 38 81 243 60 81 245 59 81 244 61 82 246 63 82 248 62 82 247 63 83 249 38 83 251 52 83 250 64 84 252 52 84 254 21 84 253 64 85 255 21 85 257 27 85 256 58 86 258 43 86 260 59 86 259 56 87 261 40 87 263 47 87 262 58 88 264 66 88 266 65 88 265 66 89 267 58 89 269 67 89 268 67 90 270 59 90 272 60 90 271 60 91 273 38 91 275 63 91 274 33 92 276 52 92 278 38 92 277 48 93 279 34 93 281 53 93 280 49 94 282 46 94 284 68 94 283 65 95 285 57 95 287 58 95 286 58 96 288 59 96 290 67 96 289 69 97 291 71 97 293 70 97 292 51 98 294 62 98 296 72 98 295 22 99 297 26 99 299 50 99 298 62 100 300 63 100 302 72 100 301 52 101 303 64 101 305 63 101 304 63 102 306 64 102 308 72 102 307 46 103 309 48 103 311 73 103 310 45 104 312 57 104 314 53 104 313 65 105 315 66 105 317 74 105 316 66 106 318 67 106 320 74 106 319 60 107 321 74 107 323 67 107 322 73 108 324 48 108 326 53 108 325 68 109 327 46 109 329 73 109 328 53 110 330 57 110 332 73 110 331 65 111 333 75 111 335 57 111 334 76 112 336 68 112 338 77 112 337 75 113 339 65 113 341 74 113 340 76 114 342 71 114 344 69 114 343 64 115 345 27 115 347 72 115 346 73 116 348 77 116 350 68 116 349 78 117 351 74 117 353 60 117 352 78 118 354 60 118 356 63 118 355 61 119 357 78 119 359 63 119 358 61 120 360 62 120 362 51 120 361 51 121 363 72 121 365 50 121 364 77 122 366 71 122 368 76 122 367 71 123 369 61 123 371 70 123 370 74 124 372 78 124 374 71 124 373 78 125 375 61 125 377 71 125 376 77 126 378 73 126 380 75 126 379 73 127 381 57 127 383 75 127 382 71 128 384 77 128 386 75 128 385 74 129 387 71 129 389 75 129 388 39 130 390 40 130 392 44 130 391 20 131 393 25 131 395 24 131 394 27 132 396 22 132 398 72 132 397 50 133 399 72 133 401 22 133 400 79 134 402 81 134 404 80 134 403 80 135 405 81 135 407 82 135 406 82 136 408 81 136 410 79 136 409 80 137 411 82 137 413 79 137 412 83 138 414 85 138 416 84 138 415 84 139 417 85 139 419 86 139 418 86 140 420 85 140 422 83 140 421 84 141 423 86 141 425 83 141 424 87 142 426 89 142 428 88 142 427 88 143 429 89 143 431 90 143 430 90 144 432 89 144 434 87 144 433 88 145 435 90 145 437 87 145 436 91 146 438 93 146 440 92 146 439 92 147 441 93 147 443 94 147 442 94 148 444 93 148 446 91 148 445 92 149 447 94 149 449 91 149 448 95 150 450 97 150 452 96 150 451 96 151 453 97 151 455 98 151 454 98 152 456 97 152 458 95 152 457 96 153 459 98 153 461 95 153 460 99 154 462 101 154 464 100 154 463 100 155 465 101 155 467 102 155 466 102 156 468 101 156 470 99 156 469 100 157 471 102 157 473 99 157 472 103 158 474 105 158 476 104 158 475 104 159 477 105 159 479 106 159 478 106 160 480 105 160 482 103 160 481 104 161 483 106 161 485 103 161 484 107 162 486 109 162 488 108 162 487 108 163 489 109 163 491 110 163 490 110 164 492 109 164 494 107 164 493 108 165 495 110 165 497 107 165 496 111 166 498 113 166 500 112 166 499 112 167 501 113 167 503 114 167 502 114 168 504 113 168 506 111 168 505 112 169 507 114 169 509 111 169 508 20 170 510 51 170 512 25 170 511 20 171 513 5 171 515 61 171 514 61 172 516 51 172 518 20 172 517 51 173 519 26 173 521 25 173 520</p>
        </triangles>
      </mesh>
    </geometry>
    <geometry id="Neck-mesh" name="Neck">
      <mesh>
        <source id="Neck-mesh-positions">
          <float_array id="Neck-mesh-positions-array" count="102">-0.09732091 -0.2291586 0.1077915 -0.1213334 -0.1407754 -0.08106273 -0.1012127 -0.08481121 0.1866615 -0.1090164 0.1545099 0.2232534 -0.1335528 0.2398345 -0.000924993 -0.08923602 0.3388286 0.1964522 -0.1873584 0.08987134 -0.05867969 -0.1628185 0.05586743 0.09083414 -0.1290731 0.1683331 -0.1655166 -0.1308812 0.03702962 -0.1909373 -0.03919762 0.3080769 0.2952134 -0.06774729 -0.1941384 0.2193405 -0.03660202 0.09876805 -0.2417381 -0.02154016 0.1267938 0.2771829 -0.006875336 -0.1395459 -0.2226657 -0.05238837 -0.05303955 -0.246399 -0.007070422 0.3919699 0.243835 -0.01481163 -0.08792549 0.2387674 0.001684725 -0.2056982 0.1943308 0.06404304 0.3023368 0.2139664 0.05120879 -0.1170911 0.1678414 0.07267975 0.08832645 0.1769899 0.04908353 0.2008301 -0.1522552 0.04985237 0.03757011 -0.1976394 0.1042906 0.2525233 0.09867388 0.1027422 0.142826 -0.02681893 0.07819575 0.3221625 0.0628466 0.07821565 -0.1293441 -0.1187359 0.1057915 -0.06874978 0.02463895 0.05294299 -0.2105383 0.03756254 -0.08685493 0.3623895 -0.03052783 -0.08498269 0.332507 -0.09931576 0.001640677 0.3967968 -0.00387609 -0.01052606 0.3460885 -0.09377348</float_array>
          <technique_common>
            <accessor source="#Neck-mesh-positions-array" count="34" stride="3">
              <param name="X" type="float" />
              <param name="Y" type="float" />
              <param name="Z" type="float" />
            </accessor>
          </technique_common>
        </source>
        <source id="Neck-mesh-normals">
          <float_array id="Neck-mesh-normals-array" count="192">-0.9929667 -0.07625621 0.09056633 -0.9794838 0.127774179 0.155836985 -0.9548508 -0.282313764 0.09251426 -0.896219 0.3974454 -0.1970495 -0.942846 0.2562432 0.2130278 -0.9014176 0.09422427 -0.4225733 -0.9242371 -0.2353988 -0.3006214 -0.938279 -0.3176284 0.1369119 -0.858775556 0.162798986 0.485799253 -0.8952994 -0.09571385 0.4350608 -0.931669354 -0.193223268 0.30766356 -0.5498316 0.166055083 -0.818603 -0.5507117 -0.1355579 0.8236144 -0.6702623 -0.5024761 -0.5461376 -0.7775502 -0.3602454 -0.5154018 -0.5519189 -0.1435942 0.8214416 -0.5127282 0.07956475 -0.8548563 -0.654858649 0.560948551 0.506455243 -0.5136021 -0.1666802 0.8416832 -0.511296868 0.09867612 0.853720367 0.2774134 -0.3049027 0.9110851 0.6177103 -0.0180290341 0.786199152 0.706023335 -0.104987413 0.700363338 0.6096076 0.2309591 0.7583116 0.7073898 -0.09252566 0.7007416 0.7044231 -0.1035542 0.7021856 0.6850604 -0.1712089 0.7080818 0.56384474 0.223660469 -0.795018852 0.443800539 -0.0186430179 -0.8959316 0.4407492 -0.01434761 -0.8975157 0.9411695 -0.02030032 0.3373247 0.9845077 -0.137853891 0.108355083 0.9249747 0.2635145 -0.2738282 0.7714156 -0.1600509 -0.6158748 0.9405383 -0.112581685 0.320488781 0.868699253 -0.396953434 0.296292961 0.9451083 0.2401486 -0.2215828 0.9019918 0.409058154 0.138138488 0.9857602 0.05301904 0.1595803 0.9520407 0.0173726 -0.3054777 0.983785 -0.02887302 -0.1770126 0.9163122 -0.3195325 0.2413938 0.9356277 -0.35159266 -0.031359788 0.7983003 0.58296 0.1512421 -0.2814007 0.8433232 -0.4578423 -0.393374145 0.354764163 0.848174 -0.226949 0.8900167 -0.3954294 -0.9344232 0.31667608 -0.163001791 -0.07257585 0.691266358 -0.718946159 -0.0462888367 -0.9494914 0.310360074 -0.08113878 -0.9066556 -0.4139955 -0.03720533 -0.8843169 -0.4654024 0.0654619262 -0.9968731 0.0442576967 0.160612792 -0.9835316 0.08288078 -0.9476269 0.249928877 0.198843464 0.9307985 0.1019636 -0.3510237 -0.1974256 0.8650411 -0.4612233 -0.135889381 0.9073285 -0.39785555 0.0008610849 0.373776764 -0.9275183 0.7938052 0.477432251 -0.376738131 -0.393374145 0.354765683 0.8481734 -0.9344231 0.316676378 -0.163001478 0.000861835 0.3737773 -0.9275181 0.7938059 0.477430552 -0.376739055</float_array>
          <technique_common>
            <accessor source="#Neck-mesh-normals-array" count="64" stride="3">
              <param name="X" type="float" />
              <param name="Y" type="float" />
              <param name="Z" type="float" />
            </accessor>
          </technique_common>
        </source>
        <source id="Neck-mesh-map">
          <float_array id="Neck-mesh-map-array" count="384">0.3465834 0.154130936 0.4276844 0.09536505 0.3865655 0.221722722 0.4747358 0.295452476 0.5659399 0.222335219 0.5548803 0.3321411 0.4276844 0.09536505 0.5234854 0.162481427 0.4726969 0.216033518 0.5659399 0.222335219 0.5234854 0.162481427 0.5763798 0.133067608 0.5234854 0.162481427 0.5659399 0.222335219 0.4726969 0.216033518 0.5275816 0.0900588 0.5763798 0.133067608 0.5234854 0.162481427 0.5234854 0.162481427 0.4276844 0.09536505 0.5275816 0.0900588 0.3865655 0.221722722 0.4276844 0.09536505 0.4726969 0.216033518 0.512439 0.36894536 0.4747358 0.295452476 0.5548803 0.3321411 0.3865655 0.221722722 0.4726969 0.216033518 0.4747358 0.295452476 0.3465834 0.154130936 0.3865655 0.221722722 0.3302667 0.208780408 0.5275816 0.0900588 0.5576786 0.07474303 0.5763798 0.133067608 0.4747358 0.295452476 0.512439 0.36894536 0.4383419 0.3147598 0.4276844 0.09536505 0.4439957 0.0209723115 0.4939306 0.03607744 0.5275816 0.0900588 0.4276844 0.09536505 0.4939306 0.03607744 0.4747358 0.295452476 0.4383419 0.3147598 0.3865655 0.221722722 0.4939306 0.03607744 0.5576786 0.07474303 0.5275816 0.0900588 0.5582451 0.372272372 0.512439 0.36894536 0.5548803 0.3321411 0.4383419 0.3147598 0.3577268 0.243394911 0.3865655 0.221722722 0.3865655 0.221722722 0.3577268 0.243394911 0.3302667 0.208780408 0.3164736 0.194467425 0.3302667 0.208780408 0.3577268 0.243394911 0.5185734 0.3395592 0.4383419 0.3147598 0.512439 0.36894536 0.3486009 0.204708517 0.3577268 0.243394911 0.4311346 0.263802767 0.5582451 0.372272372 0.5185734 0.3395592 0.512439 0.36894536 0.4311346 0.263802767 0.4383419 0.3147598 0.5185734 0.3395592 0.3577268 0.243394911 0.4383419 0.3147598 0.4311346 0.263802767 0.3164736 0.194467425 0.3577268 0.243394911 0.3486009 0.204708517 0.5723575 0.1388923 0.5576786 0.07474303 0.5087247 0.07276231 0.5576786 0.07474303 0.4939306 0.03607744 0.5087247 0.07276231 0.5087247 0.07276231 0.4939306 0.03607744 0.4439957 0.0209723115 0.5217402 0.2739076 0.4311346 0.263802767 0.5185734 0.3395592 0.5047197 0.182335973 0.4311346 0.263802767 0.5217402 0.2739076 0.5723575 0.1388923 0.5047197 0.182335973 0.5670517 0.2759084 0.4078549 0.06513035 0.5087247 0.07276231 0.4439957 0.0209723115 0.4311346 0.263802767 0.393539 0.149200022 0.3486009 0.204708517 0.3486009 0.204708517 0.339221 0.1207158 0.3164736 0.194467425 0.5670517 0.2759084 0.5047197 0.182335973 0.5217402 0.2739076 0.5670517 0.2759084 0.5217402 0.2739076 0.5185734 0.3395592 0.393539 0.149200022 0.4311346 0.263802767 0.5047197 0.182335973 0.5087247 0.07276231 0.4078549 0.06513035 0.5047197 0.182335973 0.4078549 0.06513035 0.393539 0.149200022 0.5047197 0.182335973 0.393539 0.149200022 0.339221 0.1207158 0.3486009 0.204708517 0.4078549 0.06513035 0.339221 0.1207158 0.393539 0.149200022 0.5582451 0.372272372 0.5670517 0.2759084 0.5185734 0.3395592 0.5582451 0.372272372 0.5548803 0.3321411 0.5670517 0.2759084 0.5670517 0.2759084 0.5659399 0.222335219 0.6225758 0.240824819 0.5659399 0.222335219 0.5670517 0.2759084 0.5548803 0.3321411 0.5659399 0.222335219 0.5763798 0.133067608 0.627434 0.2025218 0.5576786 0.07474303 0.5723575 0.1388923 0.5763798 0.133067608 0.3302667 0.208780408 0.3164736 0.194467425 0.3465834 0.154130936 0.3465834 0.154130936 0.339221 0.1207158 0.4276844 0.09536505 0.4078549 0.06513035 0.4276844 0.09536505 0.339221 0.1207158 0.4439957 0.0209723115 0.4276844 0.09536505 0.4078549 0.06513035 0.339221 0.1207158 0.3465834 0.154130936 0.3164736 0.194467425 0.4726969 0.216033518 0.5659399 0.222335219 0.4747358 0.295452476 0.5047197 0.182335973 0.5723575 0.1388923 0.5087247 0.07276231 0.6259047 0.263477921 0.6225758 0.240824819 0.6280211 0.2079032 0.627434 0.2025218 0.6280211 0.2079032 0.6225758 0.240824819 0.5723575 0.1388923 0.6280211 0.2079032 0.627434 0.2025218 0.5670517 0.2759084 0.6259047 0.263477921 0.6280211 0.2079032 0.5670517 0.2759084 0.6225758 0.240824819 0.6259047 0.263477921 0.5659399 0.222335219 0.627434 0.2025218 0.6225758 0.240824819 0.5723575 0.1388923 0.627434 0.2025218 0.5763798 0.133067608 0.5670517 0.2759084 0.6280211 0.2079032 0.5723575 0.1388923</float_array>
          <technique_common>
            <accessor source="#Neck-mesh-map-array" count="192" stride="2">
              <param name="S" type="float" />
              <param name="T" type="float" />
            </accessor>
          </technique_common>
        </source>
        <vertices id="Neck-mesh-vertices">
          <input semantic="POSITION" source="#Neck-mesh-positions" />
        </vertices>
        <triangles count="64">
          <input semantic="VERTEX" source="#Neck-mesh-vertices" offset="0" />
          <input semantic="NORMAL" source="#Neck-mesh-normals" offset="1" />
          <input semantic="TEXCOORD" source="#Neck-mesh-map" offset="2" />
          <p>0 0 0 2 0 2 1 0 1 3 1 3 5 1 5 4 1 4 1 2 6 7 2 8 6 2 7 4 3 9 8 3 11 6 3 10 6 4 12 7 4 14 4 4 13 9 5 15 6 5 17 8 5 16 6 6 18 9 6 20 1 6 19 2 7 21 7 7 23 1 7 22 10 8 24 5 8 26 3 8 25 2 9 27 3 9 29 7 9 28 0 10 30 11 10 32 2 10 31 9 11 33 8 11 35 12 11 34 3 12 36 13 12 38 10 12 37 1 13 39 15 13 41 14 13 40 9 14 42 15 14 44 1 14 43 3 15 45 2 15 47 13 15 46 15 16 48 9 16 50 12 16 49 16 17 51 5 17 53 10 17 52 13 18 54 2 18 56 17 18 55 2 19 57 11 19 59 17 19 58 18 20 60 17 20 62 11 20 61 19 21 63 10 21 65 13 21 64 20 22 66 21 22 68 17 22 67 16 23 69 10 23 71 19 23 70 21 24 72 19 24 74 13 24 73 17 25 75 21 25 77 13 25 76 18 26 78 20 26 80 17 26 79 22 27 81 23 27 83 12 27 82 12 28 84 23 28 86 15 28 85 23 29 87 14 29 89 15 29 88 24 30 90 19 30 92 21 30 91 25 31 93 24 31 95 21 31 94 22 32 96 26 32 98 25 32 97 27 33 99 14 33 101 23 33 100 21 34 102 20 34 104 28 34 103 20 35 105 18 35 107 29 35 106 26 36 108 24 36 110 25 36 109 26 37 111 19 37 113 24 37 112 28 38 114 25 38 116 21 38 115 23 39 117 25 39 119 27 39 118 27 40 120 25 40 122 28 40 121 28 41 123 20 41 125 29 41 124 27 42 126 28 42 128 29 42 127 16 43 129 19 43 131 26 43 130 16 44 132 26 44 134 5 44 133 26 45 135 30 45 137 4 45 136 4 46 138 5 46 140 26 46 139 4 47 141 31 47 143 8 47 142 12 48 144 8 48 146 22 48 145 11 49 147 0 49 149 18 49 148 0 50 150 1 50 152 29 50 151 27 51 153 29 51 155 1 51 154 14 52 156 27 52 158 1 52 157 29 53 159 18 53 161 0 53 160 7 54 162 3 54 164 4 54 163 25 55 165 23 55 167 22 55 166 32 56 168 33 56 170 30 56 169 31 57 171 30 57 173 33 57 172 22 58 174 31 58 176 33 58 175 26 59 177 33 59 179 32 59 178 26 60 180 32 60 182 30 60 181 4 61 183 30 61 185 31 61 184 22 62 186 8 62 188 31 62 187 26 63 189 22 63 191 33 63 190</p>
        </triangles>
      </mesh>
    </geometry>
    <geometry id="Leg1-mesh" name="Leg1">
      <mesh>
        <source id="Leg1-mesh-positions">
          <float_array id="Leg1-mesh-positions-array" count="312">-0.02005159 -0.04204046 -0.9126583 0.003300011 -0.02606022 -0.8698817 -0.0470556 -0.04537117 -0.8785455 -0.001756966 -0.06679695 -0.8289222 -0.03016978 -0.09443014 -0.8799467 0.02096718 -0.09516698 -0.9220561 0.03170979 -0.1519917 -0.8507902 0.05498862 -0.1525478 -0.8945516 0.03949564 -0.08391726 -0.06417644 0.06401896 -0.1842043 -0.1250442 0.01398187 -0.1286184 -0.1730133 0.04269367 -0.0171141 -0.214778 0.08772212 0.1760959 -0.0856539 0.03773117 0.02782976 -0.05237829 0.01635193 0.001107752 -0.02358222 0.02743762 -0.02357041 -0.03804934 0.0445376 -0.06074023 -0.9109514 0.04099357 -0.1199423 -0.2856855 0.06018954 -0.1246677 -0.8102415 0.09895104 -0.2210557 -0.317991 0.08068001 0.2110239 0.01169329 0.0506221 0.1526887 0.00397557 0.04367768 0.1005864 -0.009031116 0.07173693 -0.155789 -0.396817 0.084643 -0.0630744 -0.8434448 0.1234255 -0.09338808 -0.893603 0.06392985 -0.1141201 -0.02823758 0.1183305 -0.1544455 -0.04042279 0.07695883 -0.213882 -0.8577703 0.0888313 -0.1440563 -0.02407854 0.1265014 -0.09947556 -0.7723494 0.1128979 -0.2431637 -0.7409718 0.1297688 -0.2003824 -0.903449 0.1124181 -0.3054869 -0.5457643 0.10857 -0.1945959 -0.603797 0.09042006 0.2107843 0.05208063 0.1257309 0.2201591 0.0403496 0.1271293 0.2126387 0.07845222 0.1527131 0.2158203 0.06959217 0.1674517 0.06290447 -0.2822486 0.1444154 -0.09125143 -0.4390037 0.146843 -0.02260339 -0.866159 0.149458 -0.004610121 -0.8216426 0.200151 -0.2704215 -0.8399478 0.1686076 -0.3248359 -0.4627454 0.1825277 -0.1234498 -0.6374028 0.2103593 -0.1971451 -0.1384918 0.1919597 -0.234649 -0.3232883 0.1632487 0.03794986 -0.8904199 0.1583504 0.0929194 -0.8612586 0.189397 0.09146791 -0.8137152 0.2041982 -0.2960844 -0.6885681 0.2265766 -0.3080885 -0.5689259 0.1993563 0.1796746 -0.08676946 0.1965715 0.2122102 0.01003456 0.1954007 0.1327258 -0.8656877 0.2031518 0.08148586 -0.9037755 0.1979616 -0.02420806 -0.7785057 0.2015772 -0.01721829 -0.8873501 0.2103043 -0.1407533 -0.0440669 0.2467589 -0.1811131 -0.2739282 0.2430565 -0.1985619 -0.3993998 0.2357627 -0.1111948 -0.7357233 0.2260746 -0.1244233 -0.4377177 0.2393285 0.1596953 -0.02703726 0.2371138 0.09003281 -0.845631 0.2440252 0.05749076 -0.8747412 0.2497964 -0.02035659 -0.835072 0.2846139 -0.0803433 -0.884271 0.2370797 -0.09192556 -0.0360735 0.2725371 -0.122592 -0.1154788 0.241863 -0.2020603 -0.5975642 0.2628151 -0.2232076 -0.7434583 0.2498476 0.05115669 -0.0489276 0.3021576 -0.09006059 -0.820129 0.265722 -0.04719412 -0.2203221 0.2921122 -0.1631625 -0.8969626 0.3217911 -0.2005611 -0.8493754 0.2518822 -0.04006028 -0.0572918 0.2691621 -0.1245172 -0.2831639 0.3751838 -0.08988672 -0.9189668 0.3378474 -0.147722 -0.8142079 0.3795383 -0.04067051 -0.8782414 0.3953335 -0.07013905 -0.8329099 0.4057497 -0.1231276 -0.8667284 0.4306398 -0.06194216 -0.888833 0.2311998 0.1338697 -0.8459812 0.2184373 0.1059284 -0.8731483 0.1998506 0.09900975 -0.8261963 0.2107329 0.1988448 -0.8823909 0.1985887 0.1696882 -0.8410758 0.1826168 0.1200792 -0.870745 -0.02891165 -0.003259599 -0.8554293 -0.01697188 -0.02553021 -0.8777734 -0.02169591 -0.04113978 -0.8391554 -0.08164161 0.0156883 -0.8853755 -0.06859874 -0.006763458 -0.8513936 -0.04407042 -0.04193323 -0.875797 0.4468999 -0.05269414 -0.855431 0.4231464 -0.06131654 -0.8777734 0.4083767 -0.05439937 -0.8391579 0.4732182 -0.003229439 -0.8853772 0.4491283 -0.01290518 -0.8514053 0.4108022 -0.03214246 -0.8757996</float_array>
          <technique_common>
            <accessor source="#Leg1-mesh-positions-array" count="104" stride="3">
              <param name="X" type="float" />
              <param name="Y" type="float" />
              <param name="Z" type="float" />
            </accessor>
          </technique_common>
        </source>
        <source id="Leg1-mesh-normals">
          <float_array id="Leg1-mesh-normals-array" count="522">-0.3275376 0.9296904 -0.1685082 -0.369924873 0.6811699 0.631793559 -0.7661328 -0.280217975 0.578375638 -0.7495234 -0.2403656 -0.6167975 -0.6015417 -0.336268 -0.7246181 -0.676330268 -0.420853436 0.604532659 -0.5141154 -0.5990604 -0.6138502 -0.5726234 -0.7649477 -0.2948855 -0.8263505 -0.425777853 0.368589163 -0.9490212 0.2951419 -0.1106796 -0.7996598 -0.00723642 -0.600409746 -0.8710888 0.0379424579 -0.48965764 0.2582862 0.8502607 -0.4586338 -0.9995527 -0.01293647 -0.02696347 0.09646153 0.2451248 -0.9646808 -0.9526005 0.2850766 0.1062248 -0.9617638 0.1660773 -0.2177814 -0.5926085 -0.4106582 0.6929466 -0.8731479 -0.4231916 -0.2419126 -0.74072367 -0.6717848 -0.00579851773 -0.8523364 0.469626635 -0.230159372 -0.9251236 0.2472635 -0.2881095 -0.9221316 0.204835773 -0.328200579 -0.91189307 0.243105769 -0.33068186 0.08879219 0.700728655 0.707880855 0.263304979 0.128146991 -0.9561636 -0.6122433 -0.7589828 -0.2215925 -0.8761771 -0.473583132 -0.08962558 -0.631690741 -0.509228349 0.584511161 -0.761243 -0.511619747 -0.398439944 0.4668602 0.8488421 -0.2480092 0.1316817 0.4293701 0.8934771 -0.545187652 -0.542309463 -0.639273643 0.26094 -0.2870795 -0.9216809 -0.54687506 0.227707624 0.8056532 -0.5390229 -0.472715527 0.697132945 -0.4478445 -0.5723522 -0.6869122 -0.9328251 -0.289578557 0.214433074 -0.9456926 -0.319027871 0.0623436421 0.4134516 0.8847693 -0.2150376 -0.9815593 -0.114262 -0.1532498 -0.9989362 -0.04316127 -0.01623523 -0.2365549 0.9695864 0.0628007 -0.05415642 0.9792543 0.1952646 -0.6400463 0.5244363 -0.5615223 -0.5616131 0.5541733 0.6143963 -0.6427013 0.591339946 -0.487085253 -0.592603 0.7582929 -0.2716865 -0.7204385 0.491455466 -0.48932606 -0.6324399 0.4721344 0.614092 -0.06212353 0.0878064 -0.9941985 -0.719934046 0.6476299 -0.249540463 -0.9948954 0.08106808 -0.06009202 -0.279445559 -0.7837273 -0.554690659 -0.4023559 -0.9095321 -0.1042166 -0.615442634 -0.750207663 0.241699576 0.022908859 0.9415262 -0.336160064 -0.551015437 0.453810245 -0.700313032 -0.727611959 0.641191363 -0.243832976 -0.0493786223 -0.931874752 0.359403878 -0.07078515 -0.9820648 0.174751878 -0.08981072 -0.8293895 0.5514047 -0.9818969 0.012760628 -0.188985765 -0.7977839 0.2879231 0.5297557 -0.9684881 0.245438874 -0.0423136875 -0.5548657 0.748410344 0.363326281 -0.1297039 -0.9691465 0.2095996 -0.4356269 -0.8893122 -0.1391155 -0.35273698 -0.8911428 -0.285379082 -0.06040626 -0.9803844 -0.18761 -0.0335495956 0.946526 -0.320878267 0.124913 0.9916555 0.03187698 -0.0326638222 0.8603738 -0.508616 -0.55667156 0.439703345 -0.704824567 -0.6348402 0.6391841 0.4340755 -0.6037814 0.3309236 -0.7252156 -0.6086733 0.1894503 0.7704709 -0.323459864 -0.275104374 -0.9053681 -0.361668 0.4386143 -0.8226869 -0.457359642 0.494671434 0.739000857 -0.041356016 -0.9948919 -0.09208541 -0.152011782 -0.159885585 -0.975361 -0.6527789 0.651391447 0.386741251 0.1465255 -0.8492425 0.5072647 0.6560995 -0.7498811 0.08492243 -0.03032279 0.9471946 -0.3192224 0.7142759 0.5332993 0.4532127 0.2804372 0.6634585 -0.6936698 0.3762702 0.9232583 -0.07755517 0.654885769 -0.7506866 0.0871447846 0.6762936 0.7039058 -0.2171259 0.4179521 0.6874003 0.5939671 0.5393118 0.2815052 0.7936609 0.51309067 -0.148856789 -0.8453281 0.5979565 0.5476803 0.5852301 0.0557882041 0.0246993769 -0.998137057 0.7190777 -0.4770427 0.5053292 0.6123232 0.6726928 0.415385 0.642860055 -0.657467961 0.393022627 0.9682031 0.2264978 0.1062147 0.8266571 0.5339199 -0.1776726 0.7760968 -0.5808021 0.2456474 0.7419793 -0.5936928 0.3114413 0.726365566 0.477408141 -0.494443655 0.8442389 0.1833906 -0.5036156 0.6714735 0.5681649 -0.4757227 0.7241613 0.1476346 0.6736427 0.6961689 -0.2842952 -0.6591852 0.54725647 0.697299659 -0.462907642 0.576804638 0.560655355 0.594106 0.788892 0.5194264 -0.3283985 0.04456973 0.1552667 -0.9868667 0.01852077 0.09270918 -0.995521 0.9757928 0.2184805 -0.009734094 0.1624883 -0.5681403 -0.8067305 0.5013048 -0.8600121 0.0952509 0.6852936 -0.7006975 -0.1984838 0.9827816 -0.09966681 0.155585587 0.9896295 -0.1436027 -0.00342524 0.9876589 0.1227738 0.09724438 0.7830295 0.4693321 -0.4081572 0.9963644 0.01452618 0.08394676 0.8983767 -0.07969224 0.4319357 0.9600674 0.0816002339 -0.267604083 0.9320861 0.252530456 -0.259699374 0.7608943 0.14001289 0.6335899 0.9308442 -0.364676058 0.0232465789 0.720140636 -0.680639148 -0.134639785 0.9357278 0.336317062 -0.106321484 0.8059208 0.5768826 -0.1330345 0.9785017 0.1922533 0.07465344 0.9979034 0.0612916239 -0.0207885988 0.743396163 -0.657640636 0.121946916 0.3141112 -0.6413876 -0.6999687 0.9288973 -0.3700554 -0.01444733 -0.3452293 0.1115465 -0.931866 0.430198759 0.351649016 0.8314278 0.8073946 -0.4767189 0.3476394 -0.387253255 0.889985859 0.240748763 -0.217646837 0.633594751 -0.742420137 0.0998818949 0.162620217 0.9816203 0.3947919 -0.5865419 -0.7071832 -0.09737199 0.8185891 0.5660659 0.400675446 -0.64857614 -0.647153854 0.6253128 -0.5550824 0.5485138 0.649419844 -0.314276785 0.692447841 0.1019896 0.6288225 -0.770831 0.421567947 0.8203534 0.386394531 0.5928283 -0.4758752 -0.6496902 0.8451432 -0.1594829 0.5101943 0.7845713 -0.5775892 0.225474074 0.892774 0.02930909 -0.4495506 0.355539 0.1986226 0.9133133 0.6511035 0.5166552 0.5559962 -0.1086979 -0.1073181 -0.988265 -0.3690655 -0.8872158 -0.2768371 -0.9429278 0.3300443 -0.04424846 -0.9199518 0.06496584 0.3866113 0.9346667 0.274900079 0.225450665 0.517071843 0.728330553 -0.449634731 0.05726677 0.4032698 0.9132875 -0.01688075 0.8312307 0.5556713 0.01962131 -0.1514886 -0.9882643 0.482745826 -0.8308701 -0.27678737 -0.833493 -0.550776243 -0.0439873263 -0.6086757 -0.6928141 0.3866814 0.1379557 -0.9644209 0.2255229 0.646602035 -0.616236269 -0.449620545 0.3908721 -0.1142966 0.9133211 0.8249678 -0.102437586 0.555818856 -0.1526943 0.002254903 -0.9882709 -0.8915526 -0.3585044 -0.2767823 -0.4254983 0.9038749 -0.04428869 -0.598349452 0.701764047 0.386658937</float_array>
          <technique_common>
            <accessor source="#Leg1-mesh-normals-array" count="174" stride="3">
              <param name="X" type="float" />
              <param name="Y" type="float" />
              <param name="Z" type="float" />
            </accessor>
          </technique_common>
        </source>
        <source id="Leg1-mesh-map">
          <float_array id="Leg1-mesh-map-array" count="1044">0.1249728 0.04052365 0.1280394 0.06412119 0.1199858 0.0566936135 0.116558 0.0859254 0.1199858 0.0566936135 0.1280394 0.06412119 0.116558 0.0859254 0.1089336 0.05984521 0.1199858 0.0566936135 0.1089336 0.05984521 0.1249728 0.04052365 0.1199858 0.0566936135 0.1249728 0.04052365 0.1089336 0.05984521 0.1082086 0.0324858427 0.09137809 0.06540412 0.1089336 0.05984521 0.116558 0.0859254 0.1089336 0.05984521 0.09574019 0.04575175 0.1082086 0.0324858427 0.09574019 0.04575175 0.1089336 0.05984521 0.09137809 0.06540412 0.2484112 0.3975464 0.2149178 0.354047418 0.2374889 0.338315 0.2673217 0.2502308 0.2931393 0.275999 0.2695015 0.288005233 0.27267 0.4188699 0.2642328 0.399158239 0.2800143 0.401368856 0.2642328 0.399158239 0.2484112 0.3975464 0.2800143 0.401368856 0.1280394 0.06412119 0.1249728 0.04052365 0.1166151 0.0358886719 0.2673217 0.2502308 0.2695015 0.288005233 0.2566242 0.2864477 0.1166151 0.0358886719 0.1249728 0.04052365 0.1082086 0.0324858427 0.2566242 0.2864477 0.2521739 0.262313128 0.2673217 0.2502308 0.2673217 0.2502308 0.2521739 0.262313128 0.2555946 0.229449511 0.1041193 0.0845074654 0.09137809 0.06540412 0.116558 0.0859254 0.2555946 0.229449511 0.2521739 0.262313128 0.2426788 0.221414328 0.2141863 0.237940609 0.2374889 0.338315 0.2149178 0.354047418 0.2931393 0.275999 0.292854 0.3014332 0.2818724 0.30458343 0.2695015 0.288005233 0.2931393 0.275999 0.2753515 0.301154971 0.2753515 0.301154971 0.2931393 0.275999 0.2818724 0.30458343 0.2555946 0.229449511 0.2523318 0.2090146 0.2673217 0.2502308 0.116558 0.0859254 0.1280394 0.06412119 0.1131508 0.06851536 0.1102148 0.04751277 0.1166151 0.0358886719 0.1082086 0.0324858427 0.09494262 0.3952194 0.09078651 0.402734637 0.07655751 0.402614832 0.2523318 0.2090146 0.2555946 0.229449511 0.2426788 0.221414328 0.2149178 0.354047418 0.2484112 0.3975464 0.2238802 0.40741396 0.09137809 0.06540412 0.08025735 0.05693698 0.09574019 0.04575175 0.1166151 0.0358886719 0.1131508 0.06851536 0.1280394 0.06412119 0.1131508 0.06851536 0.1041193 0.0845074654 0.116558 0.0859254 0.09078651 0.402734637 0.07771372 0.403664231 0.07655751 0.402614832 0.1102148 0.04751277 0.1082086 0.0324858427 0.09574019 0.04575175 0.1041193 0.0845074654 0.1085957 0.08698559 0.06968641 0.105449319 0.09137809 0.06540412 0.1041193 0.0845074654 0.08025735 0.05693698 0.08370184 0.03393513 0.09574019 0.04575175 0.08025735 0.05693698 0.08025735 0.05693698 0.1041193 0.0845074654 0.06968641 0.105449319 0.2311778 0.172274709 0.2523318 0.2090146 0.2426788 0.221414328 0.1102148 0.04751277 0.1131508 0.06851536 0.1166151 0.0358886719 0.2311778 0.172274709 0.2471351 0.158258319 0.2523318 0.2090146 0.2428932 0.128907621 0.2471351 0.158258319 0.2311778 0.172274709 0.1549187 0.444725633 0.1615816 0.4227832 0.1604373 0.44681 0.1562036 0.4528482 0.1604373 0.44681 0.158249 0.454418778 0.2931393 0.275999 0.2673217 0.2502308 0.2809149 0.2300865 0.1131508 0.06851536 0.1085957 0.08698559 0.1041193 0.0845074654 0.2592223 0.196842432 0.2809149 0.2300865 0.2673217 0.2502308 0.1254163 0.05770731 0.1242402 0.0796561241 0.1131508 0.06851536 0.2592223 0.196842432 0.2673217 0.2502308 0.2523318 0.2090146 0.1242402 0.0796561241 0.1085957 0.08698559 0.1131508 0.06851536 0.09574019 0.04575175 0.08370184 0.03393513 0.1102148 0.04751277 0.2471351 0.158258319 0.2592223 0.196842432 0.2523318 0.2090146 0.2428932 0.128907621 0.2640471 0.118869305 0.2471351 0.158258319 0.06057476 0.05430472 0.08370184 0.03393513 0.08025735 0.05693698 0.08025735 0.05693698 0.06968641 0.105449319 0.06057476 0.05430472 0.1859604 0.117341518 0.2141863 0.237940609 0.1717702 0.144462824 0.1621062 0.376000881 0.1604373 0.44681 0.1615816 0.4227832 0.1131508 0.06851536 0.1102148 0.04751277 0.1254163 0.05770731 0.2592223 0.196842432 0.2471351 0.158258319 0.2579688 0.1513741 0.06984061 0.3626185 0.07655751 0.402614832 0.06581079 0.3678177 0.06581079 0.3678177 0.0692923 0.2756009 0.06984061 0.3626185 0.0692923 0.2756009 0.06538945 0.276870728 0.03750312 0.2055425 0.1242402 0.0796561241 0.1402848 0.0411078334 0.1521533 0.0618392229 0.1242402 0.0796561241 0.1521533 0.0618392229 0.1524797 0.08539444 0.1254163 0.05770731 0.1402848 0.0411078334 0.1242402 0.0796561241 0.2471351 0.158258319 0.2640471 0.118869305 0.2579688 0.1513741 0.06581079 0.3678177 0.06538945 0.276870728 0.0692923 0.2756009 0.06968641 0.105449319 0.05847108 0.124413729 0.06057476 0.05430472 0.04813802 0.185216308 0.05847108 0.124413729 0.06968641 0.105449319 0.03750312 0.2055425 0.04668879 0.174293816 0.04813802 0.185216308 0.1604373 0.44681 0.1621062 0.376000881 0.1637109 0.3839262 0.1604373 0.44681 0.1600839 0.424452066 0.158249 0.454418778 0.1621062 0.376000881 0.1396211 0.2915522 0.1637109 0.3839262 0.1637109 0.0552178025 0.1521533 0.0618392229 0.1488077 0.03100574 0.1524797 0.08539444 0.1521533 0.0618392229 0.1637109 0.0552178025 0.1521533 0.0618392229 0.1402848 0.0411078334 0.1488077 0.03100574 0.1203967 0.09151703 0.1242402 0.0796561241 0.1524797 0.08539444 0.1254163 0.05770731 0.1223403 0.04500419 0.1402848 0.0411078334 0.1223403 0.04500419 0.1254163 0.05770731 0.1102148 0.04751277 0.1203967 0.09151703 0.1085957 0.08698559 0.1242402 0.0796561241 0.05847108 0.124413729 0.04813802 0.185216308 0.04668879 0.174293816 0.1488077 0.03100574 0.1402848 0.0411078334 0.1223403 0.04500419 0.1203967 0.09151703 0.09741562 0.146773219 0.1085957 0.08698559 0.08125936 0.4023103 0.06581079 0.3678177 0.07655751 0.402614832 0.07451683 0.284385562 0.07956629 0.256818 0.06538945 0.276870728 0.1637109 0.3839262 0.1600839 0.424452066 0.1604373 0.44681 0.1021494 0.107524633 0.09741562 0.146773219 0.1203967 0.09151703 0.08787792 0.221986532 0.1396211 0.2915522 0.09972119 0.2304048 0.09972119 0.2304048 0.09741562 0.146773219 0.08787792 0.221986532 0.06538945 0.276870728 0.06581079 0.3678177 0.07451683 0.284385562 0.1600839 0.424452066 0.1637109 0.3839262 0.1480273 0.408432126 0.1533004 0.06406802 0.1524797 0.08539444 0.1637109 0.0552178025 0.1533004 0.06406802 0.1203967 0.09151703 0.1524797 0.08539444 0.1488077 0.03100574 0.1223403 0.04500419 0.1455137 0.0504792333 0.1021494 0.107524633 0.1203967 0.09151703 0.1237823 0.0650999546 0.1223403 0.04500419 0.1102148 0.04751277 0.1089622 0.04192698 0.08125936 0.4023103 0.09119272 0.404572 0.08415901 0.3771435 0.07495534 0.157927036 0.09741562 0.146773219 0.1021494 0.107524633 0.08125936 0.4023103 0.08415901 0.3771435 0.06581079 0.3678177 0.1021494 0.107524633 0.07407051 0.100270808 0.07495534 0.157927036 0.07495534 0.157927036 0.08787792 0.221986532 0.09741562 0.146773219 0.07956629 0.256818 0.03750312 0.2055425 0.06538945 0.276870728 0.03750312 0.2055425 0.07956629 0.256818 0.04668879 0.174293816 0.1637109 0.0552178025 0.1488077 0.03100574 0.1533004 0.06406802 0.1637109 0.3839262 0.1191251 0.4141373 0.1480273 0.408432126 0.1488077 0.03100574 0.1455137 0.0504792333 0.1533004 0.06406802 0.1203967 0.09151703 0.1533004 0.06406802 0.1237823 0.0650999546 0.1223403 0.04500419 0.1237823 0.0650999546 0.1455137 0.0504792333 0.1223403 0.04500419 0.1089622 0.04192698 0.1237823 0.0650999546 0.1237823 0.0650999546 0.1083207 0.06763744 0.1021494 0.107524633 0.08787792 0.221986532 0.09769362 0.307516336 0.1396211 0.2915522 0.1089622 0.04192698 0.1102148 0.04751277 0.09148961 0.0326159 0.08370184 0.03393513 0.09148961 0.0326159 0.1102148 0.04751277 0.08787792 0.221986532 0.07495534 0.157927036 0.07956629 0.256818 0.06057476 0.05430472 0.09148961 0.0326159 0.08370184 0.03393513 0.08202791 0.04905343 0.06057476 0.05430472 0.07407051 0.100270808 0.05847108 0.124413729 0.04668879 0.174293816 0.07407051 0.100270808 0.07407051 0.100270808 0.04668879 0.174293816 0.07495534 0.157927036 0.07495534 0.157927036 0.04668879 0.174293816 0.07956629 0.256818 0.1237823 0.0650999546 0.1533004 0.06406802 0.1455137 0.0504792333 0.1396211 0.2915522 0.09769362 0.307516336 0.1637109 0.3839262 0.09769362 0.307516336 0.1073165 0.4055047 0.1191251 0.4141373 0.09119272 0.404572 0.1073165 0.4055047 0.08415901 0.3771435 0.08787792 0.221986532 0.07956629 0.256818 0.09166884 0.300050735 0.08787792 0.221986532 0.09166884 0.300050735 0.09769362 0.307516336 0.1021494 0.107524633 0.1083207 0.06763744 0.07407051 0.100270808 0.09166884 0.300050735 0.07956629 0.256818 0.07451683 0.284385562 0.05847108 0.124413729 0.07407051 0.100270808 0.06057476 0.05430472 0.1637109 0.3839262 0.09769362 0.307516336 0.1191251 0.4141373 0.1083207 0.06763744 0.1237823 0.0650999546 0.1089622 0.04192698 0.09769362 0.307516336 0.08415901 0.3771435 0.1073165 0.4055047 0.09769362 0.307516336 0.09166884 0.300050735 0.08415901 0.3771435 0.08415901 0.3771435 0.07451683 0.284385562 0.06581079 0.3678177 0.08202791 0.04905343 0.09148961 0.0326159 0.06057476 0.05430472 0.09166884 0.300050735 0.07451683 0.284385562 0.08415901 0.3771435 0.09148961 0.0326159 0.1093338 0.0134060979 0.1089622 0.04192698 0.09238213 0.07194036 0.07407051 0.100270808 0.1083207 0.06763744 0.08202791 0.04905343 0.07407051 0.100270808 0.09238213 0.07194036 0.1257286 0.04061556 0.1083207 0.06763744 0.1089622 0.04192698 0.1093338 0.0134060979 0.1257286 0.04061556 0.1089622 0.04192698 0.1083207 0.06763744 0.1140786 0.06780136 0.09238213 0.07194036 0.08202791 0.04905343 0.09929728 0.0452370644 0.09148961 0.0326159 0.1083207 0.06763744 0.1257286 0.04061556 0.1140786 0.06780136 0.1093338 0.0134060979 0.09148961 0.0326159 0.09929728 0.0452370644 0.09929728 0.0452370644 0.08202791 0.04905343 0.09238213 0.07194036 0.1140786 0.06780136 0.09929728 0.0452370644 0.09238213 0.07194036 0.1093338 0.0134060979 0.1162161 0.0297703743 0.1257286 0.04061556 0.1257286 0.04061556 0.1162161 0.0297703743 0.1140786 0.06780136 0.1093338 0.0134060979 0.09929728 0.0452370644 0.1162161 0.0297703743 0.1162161 0.0297703743 0.09929728 0.0452370644 0.1140786 0.06780136 0.238964 0.08229554 0.2570576 0.07645196 0.2223513 0.0734064 0.2570576 0.11392051 0.2570576 0.07645196 0.238964 0.08229554 0.238964 0.08229554 0.2223513 0.0734064 0.2311836 0.09766418 0.2311836 0.09766418 0.2570576 0.11392051 0.238964 0.08229554 0.2570576 0.11392051 0.253222 0.0786489248 0.2570576 0.07645196 0.253222 0.0786489248 0.2223513 0.0734064 0.2570576 0.07645196 0.2311836 0.09766418 0.253222 0.0786489248 0.2570576 0.11392051 0.2311836 0.09766418 0.2223513 0.0734064 0.253222 0.0786489248 0.1631271 0.06492543 0.1684845 0.0819926262 0.17667 0.05269319 0.1511197 0.07924628 0.1684845 0.0819926262 0.1631271 0.06492543 0.1631271 0.06492543 0.17667 0.05269319 0.1630831 0.05853492 0.1630831 0.05853492 0.1511197 0.07924628 0.1631271 0.06492543 0.2489235 0.06303918 0.2722017 0.06412649 0.2647441 0.06554127 0.2722017 0.06412649 0.2722017 0.0388479233 0.2647441 0.06554127 0.2598233 0.0441697836 0.2722017 0.06412649 0.2489235 0.06303918 0.2598233 0.0441697836 0.2722017 0.0388479233 0.2722017 0.06412649 0.2989587 0.07579279 0.2976227 0.08980024 0.2989587 0.06023556 0.2725149 0.0923591852 0.2976227 0.08980024 0.2989587 0.07579279 0.2989587 0.07579279 0.2989587 0.06023556 0.2833976 0.06922042 0.2833976 0.06922042 0.2725149 0.0923591852 0.2989587 0.07579279 0.2725149 0.0923591852 0.2884479 0.0854544044 0.2976227 0.08980024 0.2884479 0.0854544044 0.2989587 0.06023556 0.2976227 0.08980024 0.2833976 0.06922042 0.2884479 0.0854544044 0.2725149 0.0923591852 0.2833976 0.06922042 0.2989587 0.06023556 0.2884479 0.0854544044</float_array>
          <technique_common>
            <accessor source="#Leg1-mesh-map-array" count="522" stride="2">
              <param name="S" type="float" />
              <param name="T" type="float" />
            </accessor>
          </technique_common>
        </source>
        <vertices id="Leg1-mesh-vertices">
          <input semantic="POSITION" source="#Leg1-mesh-positions" />
        </vertices>
        <triangles count="174">
          <input semantic="VERTEX" source="#Leg1-mesh-vertices" offset="0" />
          <input semantic="NORMAL" source="#Leg1-mesh-normals" offset="1" />
          <input semantic="TEXCOORD" source="#Leg1-mesh-map" offset="2" />
          <p>0 0 0 2 0 2 1 0 1 3 1 3 1 1 5 2 1 4 3 2 6 2 2 8 4 2 7 4 3 9 2 3 11 0 3 10 0 4 12 5 4 14 4 4 13 6 5 15 3 5 17 4 5 16 4 6 18 5 6 20 7 6 19 7 7 21 6 7 23 4 7 22 8 8 24 10 8 26 9 8 25 11 9 27 13 9 29 12 9 28 14 10 30 13 10 32 15 10 31 15 11 33 13 11 35 8 11 34 1 12 36 16 12 38 0 12 37 11 13 39 8 13 41 13 13 40 16 14 42 5 14 44 0 14 43 8 15 45 11 15 47 10 15 46 11 16 48 17 16 50 10 16 49 18 17 51 3 17 53 6 17 52 17 18 54 19 18 56 10 18 55 19 19 57 9 19 59 10 19 58 12 20 60 21 20 62 20 20 61 13 21 63 22 21 65 12 21 64 22 22 66 21 22 68 12 22 67 17 23 69 11 23 71 23 23 70 3 24 72 24 24 74 1 24 73 25 25 75 5 25 77 16 25 76 8 26 78 27 26 80 26 26 79 23 27 81 19 27 83 17 27 82 9 28 84 27 28 86 8 28 85 6 29 87 7 29 89 28 29 88 16 30 90 1 30 92 24 30 91 24 31 93 3 31 95 18 31 94 26 32 96 27 32 98 29 32 97 25 33 99 7 33 101 5 33 100 18 34 102 31 34 104 30 34 103 6 35 105 28 35 107 18 35 106 32 36 108 28 36 110 7 36 109 28 37 111 31 37 113 18 37 112 33 38 114 19 38 116 23 38 115 25 39 117 16 39 119 24 39 118 33 40 120 23 40 122 34 40 121 31 41 123 33 41 125 34 41 124 35 42 126 36 42 128 20 42 127 37 43 129 38 43 131 36 43 130 12 44 132 39 44 134 11 44 133 24 45 135 18 45 137 30 45 136 40 46 138 11 46 140 39 46 139 41 47 141 24 47 143 42 47 142 40 48 144 23 48 146 11 48 145 42 49 147 24 49 149 30 49 148 7 50 150 25 50 152 32 50 151 34 51 153 23 51 155 40 51 154 31 52 156 34 52 158 30 52 157 43 53 159 28 53 161 32 53 160 28 54 162 43 54 164 31 54 163 33 55 165 44 55 167 19 55 166 12 56 168 20 56 170 36 56 169 24 57 171 41 57 173 25 57 172 40 58 174 45 58 176 34 58 175 9 59 177 46 59 179 27 59 178 46 60 180 9 60 182 19 60 181 19 61 183 44 61 185 47 61 184 42 62 186 49 62 188 48 62 187 42 63 189 50 63 191 49 63 190 41 64 192 42 64 194 48 64 193 34 65 195 45 65 197 30 65 196 46 66 198 19 66 200 47 66 199 31 67 201 43 67 203 51 67 202 33 68 204 31 68 206 51 68 205 44 69 207 33 69 209 52 69 208 36 70 210 53 70 212 12 70 211 36 71 213 38 71 215 54 71 214 12 72 216 53 72 218 39 72 217 55 73 219 56 73 221 49 73 220 50 74 222 55 74 224 49 74 223 49 75 225 56 75 227 48 75 226 57 76 228 50 76 230 42 76 229 41 77 231 48 77 233 58 77 232 58 78 234 25 78 236 41 78 235 57 79 237 42 79 239 30 79 238 51 80 240 52 80 242 33 80 241 56 81 243 58 81 245 48 81 244 57 82 246 30 82 248 45 82 247 59 83 249 27 83 251 46 83 250 60 84 252 47 84 254 61 84 253 53 85 255 36 85 257 54 85 256 62 86 258 57 86 260 45 86 259 63 87 261 40 87 263 39 87 262 40 88 264 63 88 266 45 88 265 47 89 267 60 89 269 46 89 268 54 90 270 64 90 272 53 90 271 65 91 273 55 91 275 50 91 274 65 92 276 50 92 278 57 92 277 56 93 279 66 93 281 58 93 280 62 94 282 67 94 284 57 94 283 58 95 285 68 95 287 25 95 286 59 96 288 70 96 290 69 96 289 71 97 291 62 97 293 45 97 292 59 98 294 46 98 296 70 98 295 62 99 297 71 99 299 72 99 298 71 100 300 45 100 302 63 100 301 61 101 303 47 101 305 44 101 304 44 102 306 52 102 308 61 102 307 55 103 309 65 103 311 56 103 310 53 104 312 64 104 314 73 104 313 56 105 315 65 105 317 66 105 316 57 106 318 67 106 320 65 106 319 58 107 321 66 107 323 67 107 322 58 108 324 67 108 326 68 108 325 67 109 327 62 109 329 74 109 328 63 110 330 39 110 332 75 110 331 68 111 333 76 111 335 25 111 334 32 112 336 25 112 338 76 112 337 63 113 339 61 113 341 71 113 340 43 114 342 32 114 344 76 114 343 77 115 345 72 115 347 43 115 346 51 116 348 72 116 350 52 116 349 72 117 351 71 117 353 52 117 352 71 118 354 61 118 356 52 118 355 67 119 357 66 119 359 65 119 358 39 120 360 53 120 362 75 120 361 75 121 363 73 121 365 78 121 364 69 122 366 70 122 368 78 122 367 63 123 369 79 123 371 61 123 370 63 124 372 75 124 374 79 124 373 62 125 375 72 125 377 74 125 376 79 126 378 60 126 380 61 126 379 51 127 381 43 127 383 72 127 382 53 128 384 73 128 386 75 128 385 74 129 387 68 129 389 67 129 388 75 130 390 78 130 392 70 130 391 75 131 393 70 131 395 79 131 394 70 132 396 46 132 398 60 132 397 77 133 399 43 133 401 76 133 400 79 134 402 70 134 404 60 134 403 76 135 405 68 135 407 80 135 406 81 136 408 74 136 410 72 136 409 77 137 411 81 137 413 72 137 412 82 138 414 68 138 416 74 138 415 80 139 417 68 139 419 82 139 418 74 140 420 81 140 422 83 140 421 77 141 423 76 141 425 84 141 424 74 142 426 83 142 428 82 142 427 80 143 429 84 143 431 76 143 430 84 144 432 81 144 434 77 144 433 83 145 435 81 145 437 84 145 436 80 146 438 82 146 440 85 146 439 82 147 441 83 147 443 85 147 442 80 148 444 85 148 446 84 148 445 85 149 447 83 149 449 84 149 448 86 150 450 88 150 452 87 150 451 89 151 453 86 151 455 87 151 454 86 152 456 90 152 458 88 152 457 90 153 459 86 153 461 89 153 460 89 154 462 87 154 464 91 154 463 91 155 465 87 155 467 88 155 466 90 156 468 89 156 470 91 156 469 90 157 471 91 157 473 88 157 472 92 158 474 94 158 476 93 158 475 95 159 477 92 159 479 93 159 478 92 160 480 96 160 482 94 160 481 96 161 483 92 161 485 95 161 484 95 162 486 93 162 488 97 162 487 97 163 489 93 163 491 94 163 490 96 164 492 95 164 494 97 164 493 96 165 495 97 165 497 94 165 496 98 166 498 100 166 500 99 166 499 101 167 501 98 167 503 99 167 502 98 168 504 102 168 506 100 168 505 102 169 507 98 169 509 101 169 508 101 170 510 99 170 512 103 170 511 103 171 513 99 171 515 100 171 514 102 172 516 101 172 518 103 172 517 102 173 519 103 173 521 100 173 520</p>
        </triangles>
      </mesh>
    </geometry>
    <geometry id="Leg2-mesh" name="Leg2">
      <mesh>
        <source id="Leg2-mesh-positions">
          <float_array id="Leg2-mesh-positions-array" count="327">-0.3809602 -0.1830831 -0.9771231 -0.3610774 -0.1463368 -0.9461696 -0.4056756 -0.1668094 -0.9438131 -0.3552889 -0.1720551 -0.8937496 -0.3812513 -0.2181635 -0.9137458 -0.3312667 -0.2353643 -0.9751569 -0.3373677 -0.1485368 -0.9119569 -0.3005515 -0.2821738 -0.9055396 -0.317375 -0.1910571 -0.9819553 -0.2994434 -0.2429183 -0.868045 -0.2404478 -0.2719774 -0.9615798 -0.271783 -0.170293 -0.9346165 -0.2348887 -0.3418934 -0.9136214 -0.249426 -0.1918042 -0.8699839 -0.2408465 -0.2132052 -0.9632127 -0.2181617 -0.3252822 -0.7795598 -0.2131586 -0.1527912 -0.1259611 -0.2459002 -0.1711068 -0.2645523 -0.2009568 -0.01518368 -0.2666572 -0.2285737 -0.1920713 -0.3680917 -0.2370295 -0.2391499 -0.2187541 -0.2180488 -0.1165779 -0.9149535 -0.2101292 -0.2724235 -0.3857677 -0.1891864 -0.2278009 -0.5200524 -0.1486753 -0.2736614 -0.1700131 -0.1482977 -0.3065937 -0.3245907 -0.1307626 -0.3368302 -0.9529424 -0.1594628 -0.3887214 -0.7733586 -0.2100556 0.08272701 -0.09227222 -0.2056854 -0.03033661 -0.08066904 -0.1916805 0.003256142 -0.8765437 -0.1791301 -0.1161689 -0.8481208 -0.217366 -0.009826481 -0.9201556 -0.1903626 -0.05595421 -0.9643812 -0.1769822 -0.2081409 -0.7521932 -0.1821553 -0.392299 -0.5675109 -0.1266118 -0.4373039 -0.6182963 -0.1559249 0.127236 -0.1137958 -0.1769564 0.09865766 0.003117859 -0.1882678 0.04836297 -0.008361577 -0.1828696 0.04160064 -0.9224252 -0.1583642 -0.005098462 -0.9541807 -0.16273 -0.1217991 -0.9481058 -0.1712081 -0.2103776 -0.08640599 -0.09547328 -0.2438105 -0.1004959 -0.1231069 -0.3734191 -0.8913753 -0.1223511 -0.04472094 -0.3668923 -0.04048824 -0.2393261 -0.9610191 -0.1072505 -0.3659186 -0.4632633 -0.120195 0.1189312 0.01566588 -0.1474025 -0.001545608 -0.8959365 -0.1320582 -0.1773234 -0.5009415 -0.1136078 -0.2210693 -0.5988815 -0.08872646 -0.1846193 -0.9569556 -0.1112064 -0.4376867 -0.5449669 -0.1228959 -0.09972333 -0.8953774 -0.1280425 -0.2394598 -0.07366895 -0.07108688 -0.3724226 -0.7348985 -0.106045 -0.2046337 -0.7789999 -0.06545525 -0.1590673 -0.8983005 -0.03125226 -0.2749271 -0.2006798 -0.0840919 -0.4209184 -0.6521198 -0.04370975 -0.1822699 -0.4209151 -0.06258809 -0.2348623 -0.07398563 -0.03730112 -0.2793294 -0.3651124 -0.06285905 0.08021599 -0.1248105 -0.09107822 0.1273364 -0.02412945 -0.04557251 -0.3142352 -0.5663009 -0.05486732 -0.299864 -0.8256892 -0.0394631 -0.3061332 -0.9220296 -0.02839219 -0.2078427 -0.8686365 -0.03668743 -0.2462612 -0.4561758 -0.01657342 -0.1785748 -0.09922891 -0.05386579 -0.4053617 -0.5896262 -0.003962874 -0.1125309 -0.9377971 0.004949629 -0.1314646 -0.8897611 -0.03674978 0.1045617 0.01397877 0.0132085 -0.1563269 -0.9846944 -0.0284571 -0.2114425 -0.07120424 -0.00239259 -0.2414054 -0.8985367 -0.00649178 0.01886004 -0.02867919 -0.007036924 -0.08719301 -0.1252385 -0.004783928 -0.1416739 -0.2791907 0.02281272 -0.19742 -0.1860902 0.01763409 -0.2390848 -0.2544448 -0.004163384 0.08557927 0.0205338 0.002510726 -0.07255893 -0.07798773 0.03590673 -0.1605767 -0.8859013 0.0476374 -0.1039052 -0.9590888 0.06291484 -0.1531565 -0.9424964 0.0506823 -0.1103446 -0.9111874 -0.1879315 0.01206356 -0.9392877 -0.2176426 0.03594559 -0.9128407 -0.1814678 0.008993983 -0.8867757 -0.2003146 0.1065024 -0.9439563 -0.1942662 0.07671052 -0.9003162 -0.1611279 0.04721462 -0.9206908 0.05238622 -0.1087557 -0.9431415 0.0532307 -0.07741355 -0.9213888 0.05359524 -0.1145157 -0.8999506 0.1080521 -0.05363172 -0.9469817 0.0915606 -0.07242381 -0.9110885 0.08874487 -0.1088038 -0.9278454 -0.3845774 -0.1650349 -0.9431415 -0.4157159 -0.1686969 -0.9213888 -0.3790504 -0.1630125 -0.8999506 -0.4471184 -0.1178552 -0.9469817 -0.4261529 -0.1314823 -0.9110869 -0.3897466 -0.1290462 -0.9278454</float_array>
          <technique_common>
            <accessor source="#Leg2-mesh-positions-array" count="109" stride="3">
              <param name="X" type="float" />
              <param name="Y" type="float" />
              <param name="Z" type="float" />
            </accessor>
          </technique_common>
        </source>
        <source id="Leg2-mesh-normals">
          <float_array id="Leg2-mesh-normals-array" count="570">-0.35689047 0.707208931 -0.610315263 -0.354551464 0.8233729 0.44311434 -0.6978671 0.08450543 0.7112246 -0.7766765 -0.5495889 -0.3077753 -0.668693244 -0.6492261 -0.362428963 -0.5362682 0.7328396 0.4187632 -0.5837711 -0.7692696 -0.2596837 0.02138078 0.6373082 -0.7703124 -0.09055513 -0.1232401 -0.9882366 -0.5058458 -0.0873496 0.8581901 -0.2752777 -0.8496337 -0.4498276 0.272353977 0.9537235 -0.127415687 0.4067055 0.3449789 0.8459198 0.2789403 0.7512551 -0.5981707 -0.541521251 -0.504395962 -0.6725618 0.1156458 0.9537602 0.2774303 0.1770197 -0.2032598 -0.9629899 -0.1768118 0.2094985 0.9616902 -0.829816 -0.3730103 0.4150527 0.3540939 0.6818298 -0.6400982 0.1373125 -0.02657943 -0.9901711 -0.6509854 -0.739157856 0.172811091 -0.9433315 0.2744256 0.1865913 -0.9398873 0.2680577 -0.2115584 -0.9736431 0.02560973 0.2266345 -0.711970568 0.554511368 0.430830628 -0.971965 -0.2046434 -0.1157807 -0.4188582 0.4400038 0.7943265 -0.8976437 0.316197872 -0.307009459 -0.9728051 -0.1962321 -0.1230581 -0.558838844 -0.530452549 0.637431741 -0.5413135 -0.8370469 0.07957518 -0.2689245 -0.5592681 -0.7841549 -0.7313033 -0.6597492 0.1729928 -0.9987216 -0.0415567681 -0.0287773572 -0.9974751 0.06819932 -0.0198036376 -0.8650098 0.02832233 0.500955 -0.8620912 -0.0191625878 -0.50639075 -0.8638458 0.03002983 0.5028606 -0.70120436 0.506729662 0.5015351 -0.722631 0.5509536 0.4174382 -0.8293368 0.1669721 0.5332173 -0.9622783 -0.175075382 -0.20825237 -0.4446572 -0.8762609 0.1855984 -0.9416473 0.3359422 -0.02105367 -0.9881565 0.00203067 -0.1534363 -0.9864874 -0.08293031 0.14129819 -0.7298601 -0.6810666 -0.05875885 -0.6850466 -0.7199598 -0.1112165 -0.613423169 0.7855208 0.08166419 -0.9422103 0.1427251 0.3030997 -0.9690311 -0.0121437917 0.246640325 -0.4948767 0.2958972 -0.8170324 -0.7858383 0.540396154 0.300715983 -0.472992033 0.449588239 -0.7577261 -0.4987075 -0.3994305 -0.7692504 -0.3608756 0.6170035 -0.6993394 -0.8464545 -0.5087922 0.1569881 -0.2541143 -0.8028971 0.5392423 -0.230196863 -0.953499258 -0.194546774 -0.672453046 0.62984395 -0.388720244 -0.4857922 0.6583463 -0.5749662 -0.279797584 0.384507746 -0.8796972 0.0191379078 -0.100121886 -0.9947911 -0.594612 -0.7877303 0.1609897 -0.372748673 -0.799946 0.470260233 -0.3630809 0.9180739 0.1590991 0.812041 0.5529785 -0.186559 0.35388267 0.683107853 0.638851047 0.4110445 0.2517237 0.8761721 -0.380146 0.6711767 -0.6364047 -0.000775181863 0.996436059 0.08434735 -0.513399 0.7433677 -0.4287494 0.04622793 -0.02743023 -0.9985543 -0.1441423 -0.8584409 -0.4922422 -0.5654305 -0.6059111 0.559607 -0.4258266 0.7211554 -0.5464491 0.3918493 -0.06244134 -0.9179081 0.8084944 -0.0607172735 -0.585363269 0.01186001 0.1531743 -0.988128 -0.4315771 -0.8123497 -0.3922107 -0.008132039 0.06693761 -0.997724 0.207338169 -0.9762572 -0.06271164 -0.560752 -0.8201645 0.1135233 0.9521283 0.236562371 -0.193623066 0.608265042 0.156263188 0.7782001 0.302418172 0.72933805 0.613684952 0.6513351 0.60808897 0.453861535 0.219255567 0.706716359 0.672665656 -0.01513606 0.9958059 0.09023052 0.0438613147 -0.9770869 0.208272472 0.109698482 -0.941634 -0.318263471 0.3459239 0.8792309 -0.3275511 0.06916253 -0.9680664 0.24096477 0.3656579 -0.8116855 0.4554789 0.3426198 -0.8330951 -0.4342398 0.403376 0.8669597 -0.2926923 -0.1436505 0.9842762 0.102786 0.344084829 0.7972343 -0.496007353 0.5724231 0.5618344 -0.5972219 0.5377694 0.5519157 -0.6373328 0.5221446 0.6864032 -0.5061776 0.7894075 0.607445836 0.0885743 0.879782557 0.475347847 -0.00518947747 0.0791170448 -0.936512351 0.341591865 0.9596599 -0.2767326 -0.04972004 0.4234281 -0.7546857 -0.5011569 -0.1196493 0.4479395 0.8860216 0.874193 0.272878 0.401652 0.8569622 0.317667276 -0.405836552 0.565642238 -0.674917042 -0.473852247 0.8099241 0.4676574 -0.354005 0.244344875 -0.9695399 0.016968539 0.418776572 -0.452921659 -0.7870758 0.6528167 -0.741973 0.1526648 0.813683152 -0.516250253 -0.267217755 0.7727122 -0.5931282 -0.2260858 0.680931151 -0.566252649 0.464425236 0.387907743 -0.9207595 0.041588176 0.431469649 -0.8970766 -0.09532789 -0.634686947 0.7683109 -0.08289079 -0.2494125 0.3577677 0.8998865 0.9957231 -0.0887897 -0.02553224 0.7229853 -0.685088933 0.08913742 0.8814849 -0.190788 0.4319542 0.9898606 -0.05675613 -0.1302103 0.167088583 0.9328162 0.319272965 0.5141718 0.8230997 -0.2411108 -0.361296237 0.611827731 -0.703656137 0.530187845 -0.651772141 0.5423042 0.4985163 -0.65973 -0.5623502 0.8281449 -0.5349864 0.1672294 0.8721716 0.426869839 -0.238953575 0.8941064 0.298990071 -0.333434761 0.9440401 0.3150376 -0.09767067 0.7435281 0.5019811 -0.4417929 0.739136 0.5659977 -0.3651364 -0.3762183 0.8360553 0.3993386 0.9122648 0.02122288 0.4090508 -0.2270375 -0.1284869 -0.965373 0.9668457 -0.0762747 -0.243704036 0.9953761 0.08793884 0.03864151 0.6960904 -0.5681742 0.4389034 0.7860685 0.06092964 0.615129054 0.8147261 -0.282895744 -0.506153643 0.591171145 -0.8065461 -0.000153755987 0.4491348 0.5201578 -0.7264392 0.9365903 0.233275 -0.2614984 0.9775482 -0.145418689 -0.152488887 0.09306001 0.2274723 0.9693277 -0.3891188 0.5978726 -0.7008102 0.9462671 0.3089664 -0.09548962 0.474803746 -0.351133466 0.8070109 0.5635701 -0.542343 -0.6230993 0.8800878 0.08381731 -0.467354447 0.6271474 -0.665618 -0.4045231 0.7555957 -0.583204567 0.29824087 -0.1071478 0.9844573 0.1391519 -0.227164865 0.8909036 0.393302441 0.2439607 0.3778389 0.8931523 0.9674852 0.1766778 -0.1809899 0.8292354 -0.445646 0.3372957 0.9569413 0.289452672 -0.0219188277 0.9039131 -0.05218654 0.4245206 0.6482401 -0.05477797 -0.7594631 -0.5238736 -0.580558062 0.623304665 -0.6105001 -0.7914895 0.02887994 -0.7147415 -0.1277116 -0.6876295 -0.5528127 0.06168806 0.8310191 -0.8498539 0.372935563 0.372380674 0.665229261 0.265283823 0.697921634 0.7315083 0.6060727 0.3123644 0.5431743 0.0297422968 -0.8390929 0.8208656 -0.5552995 -0.1335 -0.9995587 0.006876229 0.0288970955 -0.5342887 0.491636 -0.6876261 -0.2854645 0.4773797 0.8310347 -0.2175257 0.9022141 0.3724142 0.613822 -0.3689724 0.6979126 0.9252274 -0.215458572 0.312300771 0.3524557 -0.4143762 -0.8390873 0.05485469 -0.9895294 -0.133501 0.1366273 -0.9902014 0.02888202 -0.409882933 -0.599304557 -0.687626362 -0.4314699 -0.3510544 0.8310201 -0.8616636 -0.344749 0.3724031 0.2770712 0.6604132 0.6979155 0.08044707 0.9465513 0.3123602 0.359515965 0.40827015 -0.8390851 0.9714194 0.196270764 -0.133499488</float_array>
          <technique_common>
            <accessor source="#Leg2-mesh-normals-array" count="190" stride="3">
              <param name="X" type="float" />
              <param name="Y" type="float" />
              <param name="Z" type="float" />
            </accessor>
          </technique_common>
        </source>
        <source id="Leg2-mesh-map">
          <float_array id="Leg2-mesh-map-array" count="1140">0.8266811 0.0263211131 0.8110635 0.04552096 0.8192 0.034668684 0.8216346 0.06991589 0.8192 0.034668684 0.8110635 0.04552096 0.8216346 0.06991589 0.841381 0.05499655 0.8192 0.034668684 0.841381 0.05499655 0.8266811 0.0263211131 0.8192 0.034668684 0.841381 0.05499655 0.8481177 0.04056132 0.8266811 0.0263211131 0.8110635 0.04552096 0.8122614 0.06605065 0.8216346 0.06991589 0.8481177 0.04056132 0.841381 0.05499655 0.8653609 0.07682854 0.8266811 0.0263211131 0.8300246 0.0411000848 0.8110635 0.04552096 0.8481177 0.04056132 0.8300246 0.0411000848 0.8266811 0.0263211131 0.8216346 0.06991589 0.8496038 0.0922817 0.841381 0.05499655 0.8653609 0.07682854 0.859776 0.06671548 0.8481177 0.04056132 0.8122614 0.06605065 0.8110635 0.04552096 0.8217453 0.0707777739 0.8216346 0.06991589 0.8122614 0.06605065 0.8217453 0.0707777739 0.8300246 0.0411000848 0.8217453 0.0707777739 0.8110635 0.04552096 0.8653609 0.07682854 0.8849742 0.0863632 0.859776 0.06671548 0.8217453 0.0707777739 0.8295496 0.100288808 0.8216346 0.06991589 0.8481177 0.04056132 0.8379881 0.06591952 0.8300246 0.0411000848 0.8295496 0.100288808 0.8496038 0.0922817 0.8216346 0.06991589 0.8768 0.139229536 0.8653609 0.07682854 0.8496038 0.0922817 0.8217453 0.0707777739 0.8300246 0.0411000848 0.8379881 0.06591952 0.8379881 0.06591952 0.8481177 0.04056132 0.859776 0.06671548 0.8768 0.139229536 0.8849742 0.0863632 0.8653609 0.07682854 0.812515 0.3672223 0.8190341 0.322532058 0.7668462 0.3186552 0.8190341 0.322532058 0.8269802 0.2858271 0.7668462 0.3186552 0.8426483 0.3382786 0.8190341 0.322532058 0.812515 0.3672223 0.8217453 0.0707777739 0.8026475 0.08847064 0.8295496 0.100288808 0.8190341 0.322532058 0.8426483 0.3382786 0.8547805 0.2798009 0.8768 0.139229536 0.8496038 0.0922817 0.8295496 0.100288808 0.8269802 0.2858271 0.839958 0.23353982 0.7668462 0.3186552 0.8547805 0.2798009 0.8269802 0.2858271 0.8190341 0.322532058 0.812515 0.3672223 0.8523345 0.3483348 0.8426483 0.3382786 0.8547805 0.2798009 0.8426483 0.3382786 0.8640176 0.2990687 0.859776 0.06671548 0.8849742 0.0863632 0.8782287 0.08983433 0.8768 0.139229536 0.8956359 0.148473024 0.8849742 0.0863632 0.7334787 0.376592159 0.7715235 0.380656719 0.7668462 0.3186552 0.7668462 0.3186552 0.7715235 0.380656719 0.812515 0.3672223 0.7613435 0.106723011 0.8032323 0.119025826 0.76435 0.08645868 0.8026475 0.08847064 0.7822008 0.07503021 0.76435 0.08645868 0.8026475 0.08847064 0.76435 0.08645868 0.8032323 0.119025826 0.8032323 0.119025826 0.834452 0.153510213 0.8295496 0.100288808 0.8032323 0.119025826 0.8295496 0.100288808 0.8026475 0.08847064 0.8295496 0.100288808 0.834452 0.153510213 0.8768 0.139229536 0.8547805 0.2798009 0.839958 0.23353982 0.8269802 0.2858271 0.8426483 0.3382786 0.8523345 0.3483348 0.8640176 0.2990687 0.839958 0.23353982 0.8768 0.139229536 0.834452 0.153510213 0.8962544 0.218083918 0.839958 0.23353982 0.8547805 0.2798009 0.8768 0.139229536 0.839958 0.23353982 0.8962544 0.218083918 0.9080591 0.2038992 0.8956359 0.148473024 0.8768 0.139229536 0.8768 0.139229536 0.8962544 0.218083918 0.9080591 0.2038992 0.7237639 0.3643605 0.7312907 0.403482437 0.7334787 0.376592159 0.7466651 0.4015414 0.7334787 0.376592159 0.7312907 0.403482437 0.7466651 0.4015414 0.7715235 0.380656719 0.7334787 0.376592159 0.748633 0.091461 0.76435 0.08645868 0.7662745 0.08429462 0.76435 0.08645868 0.748633 0.091461 0.7613435 0.106723011 0.76435 0.08645868 0.7822008 0.07503021 0.7662745 0.08429462 0.8058664 0.08590078 0.7822008 0.07503021 0.8026475 0.08847064 0.8058664 0.08590078 0.8026475 0.08847064 0.8217453 0.0707777739 0.8316718 0.376423717 0.8523345 0.3483348 0.812515 0.3672223 0.8523345 0.3483348 0.8316718 0.376423717 0.8417233 0.36544 0.8849742 0.0863632 0.8956359 0.148473024 0.8894789 0.112261713 0.7334787 0.376592159 0.7668462 0.3186552 0.7237639 0.3643605 0.7668462 0.3186552 0.839958 0.23353982 0.7804169 0.283752322 0.8379881 0.06591952 0.8058664 0.08590078 0.8217453 0.0707777739 0.8782287 0.08983433 0.844376 0.100548923 0.859776 0.06671548 0.8825134 0.2545197 0.8547805 0.2798009 0.8640176 0.2990687 0.8547805 0.2798009 0.8825134 0.2545197 0.8962544 0.218083918 0.729741 0.400563478 0.7312907 0.403482437 0.7237639 0.3643605 0.7656772 0.106485724 0.748633 0.091461 0.7662745 0.08429462 0.7613435 0.106723011 0.748633 0.091461 0.7656772 0.106485724 0.7613435 0.106723011 0.7656772 0.106485724 0.8032323 0.119025826 0.8229438 0.24124372 0.7804169 0.283752322 0.839958 0.23353982 0.839958 0.23353982 0.834452 0.153510213 0.8374583 0.2102102 0.8374583 0.2102102 0.8229438 0.24124372 0.839958 0.23353982 0.8274762 0.09477723 0.8379881 0.06591952 0.859776 0.06671548 0.8894789 0.112261713 0.8782287 0.08983433 0.8849742 0.0863632 0.8962544 0.218083918 0.8825134 0.2545197 0.9063659 0.228538036 0.7668462 0.3186552 0.7804169 0.283752322 0.7237639 0.3643605 0.7662745 0.08429462 0.7822008 0.07503021 0.8058664 0.08590078 0.7992436 0.110390067 0.7662745 0.08429462 0.8058664 0.08590078 0.8058664 0.08590078 0.8379881 0.06591952 0.8274762 0.09477723 0.8405896 0.3764279 0.8417233 0.36544 0.8316718 0.376423717 0.859776 0.06671548 0.844376 0.100548923 0.8274762 0.09477723 0.8956359 0.148473024 0.8850916 0.16968143 0.8894789 0.112261713 0.9080591 0.2038992 0.8962544 0.218083918 0.9063659 0.228538036 0.7662745 0.08429462 0.7992436 0.110390067 0.7656772 0.106485724 0.7992436 0.110390067 0.8032323 0.119025826 0.7656772 0.106485724 0.8330717 0.151704073 0.8032323 0.119025826 0.7992436 0.110390067 0.8330717 0.151704073 0.7992436 0.110390067 0.8192266 0.117235124 0.8330717 0.151704073 0.834452 0.153510213 0.8032323 0.119025826 0.8374583 0.2102102 0.834452 0.153510213 0.8330717 0.151704073 0.8523345 0.3483348 0.8506209 0.331853032 0.8640176 0.2990687 0.8956359 0.148473024 0.9080591 0.2038992 0.9003075 0.1953386 0.7141876 0.202435732 0.7126575 0.176549911 0.7271721 0.145516515 0.8385703 0.3704648 0.8417233 0.36544 0.8405896 0.3764279 0.8825134 0.2545197 0.8640176 0.2990687 0.8529822 0.284068465 0.8850916 0.16968143 0.8956359 0.148473024 0.9003075 0.1953386 0.7237639 0.3643605 0.7454788 0.354016185 0.7295144 0.385625362 0.7295144 0.385625362 0.729741 0.400563478 0.7237639 0.3643605 0.7237639 0.3643605 0.7804169 0.283752322 0.7454788 0.354016185 0.7126575 0.176549911 0.7141876 0.202435732 0.6701306 0.2190584 0.7992436 0.110390067 0.8058664 0.08590078 0.8192266 0.117235124 0.8192266 0.117235124 0.8058664 0.08590078 0.8274762 0.09477723 0.8374583 0.2102102 0.8330717 0.151704073 0.8649152 0.223653615 0.8330717 0.151704073 0.8625547 0.14207691 0.8649152 0.223653615 0.8417233 0.36544 0.8506209 0.331853032 0.8523345 0.3483348 0.8649152 0.223653615 0.8625547 0.14207691 0.8850916 0.16968143 0.8894789 0.112261713 0.86469 0.113237619 0.8782287 0.08983433 0.8341596 0.131211519 0.8625547 0.14207691 0.8192266 0.117235124 0.8330717 0.151704073 0.8192266 0.117235124 0.8625547 0.14207691 0.7271721 0.145516515 0.7333795 0.192174017 0.7141876 0.202435732 0.7282838 0.305771232 0.711928 0.2946459 0.7314369 0.300746322 0.7271721 0.145516515 0.7546286 0.1589598 0.7333795 0.192174017 0.8529822 0.284068465 0.8640176 0.2990687 0.8506209 0.331853032 0.86469 0.113237619 0.844376 0.100548923 0.8782287 0.08983433 0.8625547 0.14207691 0.86469 0.113237619 0.8894789 0.112261713 0.8850916 0.16968143 0.8625547 0.14207691 0.8894789 0.112261713 0.9003075 0.1953386 0.8931584 0.216476619 0.8850916 0.16968143 0.8931584 0.216476619 0.9063659 0.228538036 0.8825134 0.2545197 0.9003075 0.1953386 0.9080591 0.2038992 0.8931584 0.216476619 0.9063659 0.228538036 0.8931584 0.216476619 0.9080591 0.2038992 0.8192266 0.117235124 0.8274762 0.09477723 0.8059735 0.112465024 0.8115692 0.128272712 0.8341596 0.131211519 0.8192266 0.117235124 0.7546286 0.1589598 0.7426958 0.219374716 0.7333795 0.192174017 0.7426958 0.219374716 0.7546286 0.1589598 0.7722269 0.189825714 0.7828722 0.151782811 0.7722269 0.189825714 0.7546286 0.1589598 0.8931584 0.216476619 0.8649152 0.223653615 0.8850916 0.16968143 0.7403184 0.39136076 0.729741 0.400563478 0.7295144 0.385625362 0.7403184 0.39136076 0.7295144 0.385625362 0.7454788 0.354016185 0.819317 0.100364506 0.8059735 0.112465024 0.8274762 0.09477723 0.7403346 0.267159224 0.7314369 0.300746322 0.711928 0.2946459 0.8222143 0.3593397 0.8385703 0.3704648 0.8315225 0.3683238 0.8625547 0.14207691 0.8441564 0.124975324 0.86469 0.113237619 0.6300322 0.326667 0.6351923 0.289322257 0.6560874 0.312479138 0.6560874 0.312479138 0.6351923 0.289322257 0.6861317 0.2862339 0.6351923 0.289322257 0.7021157 0.242942333 0.6861317 0.2862339 0.6701306 0.2190584 0.7021157 0.242942333 0.6351923 0.289322257 0.6701306 0.2190584 0.7141876 0.202435732 0.7021157 0.242942333 0.8192266 0.117235124 0.8059735 0.112465024 0.8115692 0.128272712 0.6861317 0.2862339 0.7176898 0.268125057 0.711928 0.2946459 0.8274762 0.09477723 0.844376 0.100548923 0.819317 0.100364506 0.7021157 0.242942333 0.7141876 0.202435732 0.7426958 0.219374716 0.7141876 0.202435732 0.7333795 0.192174017 0.7426958 0.219374716 0.711928 0.2946459 0.7176898 0.268125057 0.7403346 0.267159224 0.8341596 0.131211519 0.8441564 0.124975324 0.8625547 0.14207691 0.8441564 0.124975324 0.844376 0.100548923 0.86469 0.113237619 0.7403346 0.267159224 0.7296916 0.249570608 0.7426958 0.219374716 0.6300322 0.326667 0.6560874 0.312479138 0.6375344 0.3254388 0.682153 0.2986197 0.6560874 0.312479138 0.6861317 0.2862339 0.682153 0.2986197 0.6861317 0.2862339 0.711928 0.2946459 0.8341596 0.131211519 0.8115692 0.128272712 0.8203333 0.132846236 0.8044689 0.112368822 0.8059735 0.112465024 0.819317 0.100364506 0.7176898 0.268125057 0.6861317 0.2862339 0.7021157 0.242942333 0.8341596 0.131211519 0.8203333 0.132846236 0.8441564 0.124975324 0.819317 0.100364506 0.844376 0.100548923 0.8186106 0.119130313 0.7021157 0.242942333 0.7426958 0.219374716 0.7296916 0.249570608 0.844376 0.100548923 0.8441564 0.124975324 0.8186106 0.119130313 0.7176898 0.268125057 0.7296916 0.249570608 0.7403346 0.267159224 0.8062236 0.126863837 0.8059735 0.112465024 0.8044689 0.112368822 0.8115692 0.128272712 0.8059735 0.112465024 0.8062236 0.126863837 0.8115692 0.128272712 0.8062236 0.126863837 0.8203333 0.132846236 0.7021157 0.242942333 0.7296916 0.249570608 0.7176898 0.268125057 0.8186106 0.119130313 0.8441564 0.124975324 0.8203333 0.132846236 0.8062236 0.126863837 0.8044689 0.112368822 0.8186106 0.119130313 0.8186106 0.119130313 0.8203333 0.132846236 0.8062236 0.126863837 0.819317 0.100364506 0.8186106 0.119130313 0.8044689 0.112368822 0.841381 0.05499655 0.8496038 0.0922817 0.8653609 0.07682854 0.9303444 0.05837506 0.9173521 0.05392188 0.9156236 0.07730901 0.9173521 0.05392188 0.9303444 0.05837506 0.903403 0.0275104642 0.9156236 0.07730901 0.9173521 0.05392188 0.8995812 0.05149007 0.903403 0.0275104642 0.8995812 0.05149007 0.9173521 0.05392188 0.9156236 0.07730901 0.8995812 0.05149007 0.912474 0.060036242 0.912474 0.060036242 0.8995812 0.05149007 0.903403 0.0275104642 0.9303444 0.05837506 0.912474 0.060036242 0.903403 0.0275104642 0.912474 0.060036242 0.9303444 0.05837506 0.9156236 0.07730901 0.9684414 0.07457864 0.9553811 0.07312077 0.9595374 0.08715612 0.9553811 0.07312077 0.9684414 0.07457864 0.9519702 0.06774974 0.9595374 0.08715612 0.9553811 0.07312077 0.9493126 0.07896179 0.9519702 0.06774974 0.9493126 0.07896179 0.9553811 0.07312077 0.9595374 0.08715612 0.9493126 0.07896179 0.9621809 0.08254933 0.9621809 0.08254933 0.9493126 0.07896179 0.9519702 0.06774974 0.9684414 0.07457864 0.9621809 0.08254933 0.9519702 0.06774974 0.9621809 0.08254933 0.9684414 0.07457864 0.9595374 0.08715612 0.9906374 0.115663767 0.9903602 0.118018627 0.9730169 0.133314967 0.9903602 0.118018627 0.9906374 0.115663767 0.9864789 0.0797705054 0.9730169 0.133314967 0.9903602 0.118018627 0.9737218 0.106128514 0.9864789 0.0797705054 0.9737218 0.106128514 0.9903602 0.118018627 0.8176158 0.06165266 0.8027715 0.0443444252 0.802885 0.04631865 0.802885 0.04631865 0.8027715 0.0443444252 0.7958901 0.02077651 0.8186545 0.040767014 0.802885 0.04631865 0.7958901 0.02077651 0.802885 0.04631865 0.8186545 0.040767014 0.8176158 0.06165266</float_array>
          <technique_common>
            <accessor source="#Leg2-mesh-map-array" count="570" stride="2">
              <param name="S" type="float" />
              <param name="T" type="float" />
            </accessor>
          </technique_common>
        </source>
        <vertices id="Leg2-mesh-vertices">
          <input semantic="POSITION" source="#Leg2-mesh-positions" />
        </vertices>
        <triangles count="190">
          <input semantic="VERTEX" source="#Leg2-mesh-vertices" offset="0" />
          <input semantic="NORMAL" source="#Leg2-mesh-normals" offset="1" />
          <input semantic="TEXCOORD" source="#Leg2-mesh-map" offset="2" />
          <p>0 0 0 2 0 2 1 0 1 3 1 3 1 1 5 2 1 4 3 2 6 2 2 8 4 2 7 4 3 9 2 3 11 0 3 10 4 4 12 0 4 14 5 4 13 1 5 15 3 5 17 6 5 16 5 6 18 7 6 20 4 6 19 0 7 21 1 7 23 8 7 22 5 8 24 0 8 26 8 8 25 3 9 27 4 9 29 9 9 28 7 10 30 5 10 32 10 10 31 6 11 33 11 11 35 1 11 34 3 12 36 11 12 38 6 12 37 8 13 39 1 13 41 11 13 40 7 14 42 10 14 44 12 14 43 11 15 45 3 15 47 13 15 46 5 16 48 8 16 50 14 16 49 13 17 51 3 17 53 9 17 52 15 18 54 9 18 56 7 18 55 11 19 57 14 19 59 8 19 58 14 20 60 10 20 62 5 20 61 15 21 63 7 21 65 12 21 64 16 22 66 18 22 68 17 22 67 17 23 69 18 23 71 19 23 70 20 24 72 16 24 74 17 24 73 11 25 75 13 25 77 21 25 76 17 26 78 22 26 80 20 26 79 15 27 81 13 27 83 9 27 82 19 28 84 18 28 86 23 28 85 22 29 87 17 29 89 19 29 88 16 30 90 20 30 92 24 30 91 22 31 93 25 31 95 20 31 94 10 32 96 26 32 98 12 32 97 15 33 99 12 33 101 27 33 100 28 34 102 18 34 104 29 34 103 18 35 105 16 35 107 29 35 106 30 36 108 32 36 110 31 36 109 21 37 111 32 37 113 33 37 112 21 38 114 31 38 116 32 38 115 31 39 117 13 39 119 34 39 118 31 40 120 21 40 122 13 40 121 13 41 123 15 41 125 34 41 124 22 42 126 19 42 128 23 42 127 20 43 129 25 43 131 24 43 130 23 44 132 34 44 134 15 44 133 35 45 135 22 45 137 23 45 136 15 46 138 35 46 140 23 46 139 36 47 141 15 47 143 27 47 142 15 48 144 36 48 146 35 48 145 37 49 147 28 49 149 38 49 148 39 50 150 38 50 152 28 50 151 39 51 153 28 51 155 29 51 154 40 52 156 41 52 158 32 52 157 32 53 159 30 53 161 40 53 160 32 54 162 41 54 164 33 54 163 42 55 165 21 55 167 33 55 166 42 56 168 11 56 170 21 56 169 43 57 171 16 57 173 24 57 172 24 58 174 44 58 176 43 58 175 12 59 177 45 59 179 27 59 178 28 60 180 37 60 182 18 60 181 18 61 183 46 61 185 23 61 184 14 62 186 11 62 188 42 62 187 26 63 189 10 63 191 47 63 190 48 64 192 25 64 194 22 64 193 22 65 195 35 65 197 48 65 196 49 66 198 37 66 200 38 66 199 50 67 201 41 67 203 40 67 202 30 68 204 50 68 206 40 68 205 30 69 207 31 69 209 50 69 208 51 70 210 23 70 212 46 70 211 23 71 213 52 71 215 34 71 214 52 72 216 23 72 218 51 72 217 53 73 219 10 73 221 14 73 220 45 74 222 12 74 224 26 74 223 35 75 225 54 75 227 48 75 226 18 76 228 37 76 230 46 76 229 41 77 231 42 77 233 33 77 232 55 78 234 42 78 236 41 78 235 42 79 237 53 79 239 14 79 238 56 80 240 43 80 242 44 80 241 10 81 243 53 81 245 47 81 244 27 82 246 45 82 248 57 82 247 36 83 249 54 83 251 35 83 250 41 84 252 50 84 254 55 84 253 55 85 255 50 85 257 31 85 256 58 86 258 55 86 260 31 86 259 58 87 261 59 87 263 55 87 262 58 88 264 31 88 266 34 88 265 52 89 267 58 89 269 34 89 268 24 90 270 25 90 272 60 90 271 27 91 273 61 91 275 36 91 274 62 92 276 52 92 278 51 92 277 63 93 279 56 93 281 44 93 280 48 94 282 64 94 284 25 94 283 57 95 285 61 95 287 27 95 286 37 96 288 66 96 290 65 96 289 66 97 291 37 97 293 49 97 292 37 98 294 65 98 296 46 98 295 51 99 297 46 99 299 62 99 298 55 100 300 59 100 302 42 100 301 59 101 303 53 101 305 42 101 304 52 102 306 67 102 308 58 102 307 58 103 309 67 103 311 68 103 310 44 104 312 24 104 314 60 104 313 67 105 315 57 105 317 68 105 316 45 106 318 26 106 320 69 106 319 70 107 321 59 107 323 68 107 322 58 108 324 68 108 326 59 108 325 52 109 327 62 109 329 71 109 328 63 110 330 44 110 332 72 110 331 52 111 333 71 111 335 67 111 334 64 112 336 60 112 338 25 112 337 69 113 339 26 113 341 47 113 340 68 114 342 45 114 344 69 114 343 57 115 345 45 115 347 68 115 346 61 116 348 57 116 350 73 116 349 73 117 351 48 117 353 54 117 352 61 118 354 73 118 356 36 118 355 54 119 357 36 119 359 73 119 358 59 120 360 74 120 362 53 120 361 75 121 363 59 121 365 70 121 364 67 122 366 71 122 368 64 122 367 64 123 369 48 123 371 67 123 370 73 124 372 67 124 374 48 124 373 73 125 375 57 125 377 67 125 376 76 126 378 66 126 380 49 126 379 76 127 381 65 127 383 66 127 382 77 128 384 53 128 386 74 128 385 60 129 387 72 129 389 44 129 388 72 130 390 78 130 392 63 130 391 68 131 393 69 131 395 79 131 394 76 132 396 80 132 398 65 132 397 80 133 399 81 133 401 65 133 400 65 134 402 81 134 404 82 134 403 46 135 405 65 135 407 82 135 406 46 136 408 82 136 410 62 136 409 59 137 411 75 137 413 74 137 412 81 138 414 72 138 416 83 138 415 53 139 417 77 139 419 47 139 418 82 140 420 64 140 422 62 140 421 62 141 423 64 141 425 71 141 424 72 142 426 60 142 428 83 142 427 70 143 429 68 143 431 79 143 430 79 144 432 69 144 434 47 144 433 60 145 435 64 145 437 84 145 436 76 146 438 85 146 440 80 146 439 86 147 441 81 147 443 80 147 442 86 148 444 72 148 446 81 148 445 70 149 447 87 149 449 75 149 448 88 150 450 77 150 452 74 150 451 83 151 453 82 151 455 81 151 454 70 152 456 79 152 458 87 152 457 77 153 459 89 153 461 47 153 460 82 154 462 84 154 464 64 154 463 47 155 465 89 155 467 79 155 466 83 156 468 60 156 470 84 156 469 90 157 471 88 157 473 74 157 472 75 158 474 90 158 476 74 158 475 75 159 477 87 159 479 90 159 478 82 160 480 83 160 482 84 160 481 89 161 483 87 161 485 79 161 484 90 162 486 89 162 488 88 162 487 89 163 489 90 163 491 87 163 490 77 164 492 88 164 494 89 164 493 4 165 495 7 165 497 9 165 496 91 166 498 93 166 500 92 166 499 92 167 501 94 167 503 91 167 502 93 168 504 95 168 506 92 168 505 94 169 507 92 169 509 95 169 508 93 170 510 96 170 512 95 170 511 96 171 513 94 171 515 95 171 514 91 172 516 94 172 518 96 172 517 96 173 519 93 173 521 91 173 520 97 174 522 99 174 524 98 174 523 98 175 525 100 175 527 97 175 526 99 176 528 101 176 530 98 176 529 100 177 531 98 177 533 101 177 532 99 178 534 102 178 536 101 178 535 102 179 537 100 179 539 101 179 538 97 180 540 100 180 542 102 180 541 102 181 543 99 181 545 97 181 544 103 182 546 105 182 548 104 182 547 104 183 549 106 183 551 103 183 550 105 184 552 107 184 554 104 184 553 106 185 555 104 185 557 107 185 556 105 186 558 108 186 560 107 186 559 108 187 561 106 187 563 107 187 562 103 188 564 106 188 566 108 188 565 108 189 567 105 189 569 103 189 568</p>
        </triangles>
      </mesh>
    </geometry>
    <geometry id="Body-mesh" name="Body">
      <mesh>
        <source id="Body-mesh-positions">
          <float_array id="Body-mesh-positions-array" count="519">-0.5006994 0.4148438 1.000433 -0.5034998 0.4232489 0.9943104 -0.523865 0.3988439 1.011152 -0.2186571 0.3237249 1.256041 -0.07833081 0.4035709 1.318139 -0.2023551 0.3359369 1.461128 -0.4654337 0.3160479 0.9567885 -0.4528784 0.3579569 0.9848026 -0.5019013 0.2601064 1.002117 -0.4847837 0.3227489 1.025433 -0.4644261 0.04522103 1.082137 -0.4422664 0.1241261 1.011278 -0.5129793 0.1352407 1.059226 0.2867087 -1.701542 1.324005 0.3953189 -1.273555 0.9639085 0.2861437 -1.72208 1.167046 0.0462237 -1.181412 0.759545 -0.08156412 -0.8137199 0.6989775 -0.08687275 -1.215288 0.7763456 -0.4623001 0.1841288 1.103332 -0.4400221 0.282492 1.015146 -0.088687 -0.4750462 0.7273355 -0.1424747 -0.2705618 0.8555026 -0.2372284 -0.4879027 0.8852835 -0.4575643 0.245608 0.9755475 -0.4075659 0.3507748 0.9827535 0.05240875 -0.4547447 0.7426028 -0.4175187 0.3966369 0.9690545 -0.4111925 0.3910998 0.9994896 -0.4152478 0.4356458 1.01314 -0.4154233 0.4411829 0.9827054 -0.404711 0.1553481 1.072005 -0.4054105 0.1966177 1.1454 -0.4357033 0.103767 1.203579 -0.3822038 0.2422174 1.204447 -0.3727859 0.1813911 1.328253 -0.3142333 -0.05674076 1.128704 -0.3601193 -0.01605772 1.269298 0.02257496 -1.472541 1.46393 0.3477972 -1.190175 1.359352 0.1992478 -1.634293 1.32079 -0.3037155 0.09841328 1.123487 -0.3504808 0.2065623 1.14319 0.3144029 0.4232189 1.000519 0.3066412 0.4150939 0.9902865 0.3108444 0.4304139 0.9777755 -0.3030101 0.2850974 1.253924 -0.1108235 0.05546551 1.001822 -0.2493153 0.200597 1.167575 0.3284925 -4.061429 1.379467 0.2769207 -4.120747 1.36597 0.2451915 -3.819496 1.505034 0.02156263 0.3051099 1.189886 0.196819 0.3260979 1.274531 0.1750241 0.2780238 1.199706 0.1609187 0.1536661 1.133563 0.279703 0.2100171 1.130801 0.3057059 0.259626 1.176412 0.2471797 -0.02486091 1.137128 0.307313 0.01900285 1.247276 0.3436097 0.1171083 1.061229 0.3371141 -0.4956296 1.338451 -0.2037682 -1.711988 1.318182 0.01007086 -2.544751 1.295007 -0.2002226 -1.587118 1.105442 0.3071152 0.3988808 0.9969885 0.3490549 0.2044895 1.070649 0.3884099 0.215475 1.112448 0.3193336 0.1907923 1.296294 0.3600399 0.3455858 1.019306 0.3796081 0.3956479 0.9902405 0.3245091 0.4219308 0.9671015 0.1139568 -0.2049943 0.8956716 0.356795 0.2911944 1.008441 0.4347606 0.1524125 1.083286 0.4053628 0.09168928 1.056189 0.3844162 0.3418459 0.9544605 0.3884513 0.2324398 0.9888105 0.3972093 0.3880048 1.025332 0.4188044 0.3269649 1.005438 0.4147197 0.4456178 1.018014 0.3813648 0.4534888 0.9898796 0.4090832 0.4485219 0.9869436 -0.5145502 0.4563699 1.00075 -0.5086328 0.4869659 0.9739176 -0.5234144 0.4767809 1.017659 -0.3116673 0.01617598 1.612348 -0.1999463 0.2406482 1.757734 -0.1641983 0.02821141 1.776139 -0.2360686 -0.1705396 1.729007 0.08732247 0.1986736 1.775476 -0.05019927 -0.1015989 1.834383 -0.05516862 0.1245935 1.814945 0.2033089 -0.1153073 1.708231 0.2003647 0.2695432 1.483995 0.06790405 0.3894048 1.353609 0.2810514 0.01527637 1.57564 -0.430644 -1.024785 1.239477 -0.3713286 -1.290084 1.037059 -0.3791934 -0.9909771 0.7731506 -0.309379 -1.257948 0.8441295 -0.3254679 -0.4873288 1.110086 -0.3576429 -0.5680699 1.334857 -0.3816478 -0.6024789 0.8948554 -0.2795276 -1.293834 1.446211 0.2789894 -2.918254 1.540009 0.3559296 -2.944024 1.41743 -0.1794326 -0.7162622 0.7470083 -0.4203608 -0.7913108 0.8178647 -0.2317387 -0.8351144 0.7026678 -0.1955536 -1.210084 0.7733927 -0.2592216 -0.9938988 0.7198953 -0.144218 -0.9324085 0.7298634 -0.2112251 -0.7109936 1.601163 -0.00464946 -0.56852 1.723758 -0.06134408 -1.477098 0.9543638 0.006427586 -0.6038274 0.7060335 -0.01207453 -1.884492 1.037837 0.03834182 -0.8841765 0.6810547 0.2232311 -0.6706861 0.7661168 0.2026426 -0.4972428 0.8608005 0.1530191 -0.7737029 0.7329682 0.1024271 -0.725543 0.6959496 0.1540256 -0.9544038 0.7249248 0.1938057 -1.14881 0.7520275 0.2271733 -1.320556 0.8078345 0.03631883 0.4411008 1.513745 0.2285414 -0.5785143 0.7887966 0.272503 -0.9835562 0.7232884 0.2408412 -0.8141756 0.6901672 0.3050428 -0.5330033 0.8384106 0.3015431 -0.4679028 1.066288 0.3240351 0.4381448 0.9692735 0.3266887 0.4740379 0.9401495 0.4113302 -0.6140345 0.8371526 0.4041004 -0.9417377 0.7922556 0.4356608 -0.8806243 1.273785 0.4137236 -0.7454943 0.7093096 -0.3278065 -0.9960563 1.498909 0.2721552 -4.039247 1.31956 0.2187746 -3.975828 1.39301 0.2472352 -4.143678 1.307211 0.05854547 -0.2431463 1.797344 -0.131999 -1.587751 1.372174 0.05675268 -2.255809 1.453913 0.1462933 -2.666314 1.481706 0.2038993 -3.239684 1.37518 0.2658467 -0.7568356 1.55415 0.07898974 -2.4348 1.41111 0.1487499 -2.275765 1.098342 0.3129912 -3.233071 1.341733 0.3345991 -3.817924 1.483677 0.3399261 -3.92613 1.389854 0.2568629 -4.211061 1.266908 0.2888644 -4.211164 1.247887 0.3158625 -4.137398 1.309388 -0.1155378 0.3225398 1.682271 0.02305454 0.2823042 1.756783 -0.5267298 0.4631338 1.028811 -0.5039606 0.4660399 1.023099 -0.4875841 0.3993739 1.017565 -0.1169035 0.4051548 1.565532 0.1114175 0.3731458 1.587667 -0.421284 0.4795028 0.9528325 -0.4376084 0.4692679 1.000057 -0.4378984 0.4309479 1.006042 -0.4149578 0.4739659 0.9981334 0.3249837 0.4492638 0.9938225 0.3891186 0.4550788 1.008849 0.3709429 0.4892829 0.9910445 0.3933159 0.4874559 0.9922515 0.3828666 0.5034958 0.9461345 0.004868507 -1.043715 1.624079</float_array>
          <technique_common>
            <accessor source="#Body-mesh-positions-array" count="173" stride="3">
              <param name="X" type="float" />
              <param name="Y" type="float" />
              <param name="Z" type="float" />
            </accessor>
          </technique_common>
        </source>
        <source id="Body-mesh-normals">
          <float_array id="Body-mesh-normals-array" count="1029">0.02668029 -0.5827478 -0.812215 -0.4901771 0.8715269 -0.01293236 -0.8883022 0.4075897 -0.2116358 -0.573775 -0.1433476 0.8063707 -0.544688463 -0.470475554 -0.694238544 0.9739424 -0.225302875 0.0259749163 -0.07584947 -0.1876738 -0.9792984 -0.9026832 0.0900497362 0.420777947 0.6030796 0.3043767 0.7373261 0.526572049 0.392848849 0.753917456 -0.7190747 0.2233219 -0.6580722 0.9031347 -0.4293574 -0.000165259 0.0146803781 0.533796549 -0.8454855 0.9153757 -0.003139376 -0.4025884 -0.747237265 0.509258568 -0.426956832 0.9961072 0.08755999 0.01018607 -0.4930252 0.2509589 0.8330341 0.1676099 0.8600023 -0.4819781 0.8503151 0.000803565 -0.5262733 -0.5679873 0.562041759 0.601248264 0.8350383 -0.14515619 0.530698359 -0.9293207 0.358549923 0.0883469 -0.9059835 0.348581135 0.240177527 -0.190327063 -0.625812352 -0.7563957 -0.5716122 -0.8189732 0.05042362 0.9719536 0.1592388 -0.1730583 0.474820942 -0.232520163 0.848810554 0.5998623 0.4974002 -0.6267043 0.5815527 0.382297 -0.7180846 0.620205164 -0.06831937 -0.781458855 -0.8446783 0.457997531 0.277050167 -0.6137958 0.6890881 0.3852431 -0.532258 0.007616817 -0.846548 0.2406044 0.2736972 -0.9312354 0.214967966 -0.390566736 0.8951236 0.194567874 0.7588079 -0.621573746 -0.3667271 0.5262461 -0.7671872 -0.1256978 0.7372118 -0.6638666 -0.1558151 0.6457365 -0.7474932 -0.344651461 0.006568848 -0.9387077 0.1781613 0.8034452 -0.5680972 0.13634488 0.453102142 -0.8809702 -0.245802328 0.476765156 -0.8439647 0.02092874 0.838353 -0.5447259 -0.0112068 -0.02537548 -0.9996152 -0.03304904 0.6857851 -0.7270534 0.7686408 -0.6154039 -0.1745549 0.8825742 -0.0319976769 -0.469082952 -0.9575059 -0.241482168 -0.157698482 -0.8475096 0.1814145 0.4988148 -0.418285 0.7237988 -0.5487741 0.630775 0.7017271 0.331213 -0.3998044 -0.01323401 0.916505 0.399440438 0.9127525 0.08561675 0.3013332 0.387929 0.8710393 0.2127418 0.5205927 -0.8268762 -0.5015435 -0.1405967 0.8536315 0.8458314 -0.200265676 0.494431853 0.8302467 -0.5061368 0.2334868 0.527421951 0.502651632 -0.684958041 -0.7719306 -0.2161679 -0.5978248 0.172282189 0.9006569 -0.39891845 -0.8242831 -0.2796304 -0.492305 -0.9094417 0.100179888 -0.403583646 -0.3658629 -0.7918802 -0.4889481 0.1427232 -0.2606974 0.9548126 -0.9569539 -0.0008876879 0.290238559 -0.7052265 0.453784883 0.5447337 -0.2523047 -0.4423109 -0.8606413 -0.6412106 0.0242600366 0.7669813 -0.8209017 0.3103863 0.4793546 -0.696596265 0.543922961 0.467869133 0.3581909 0.5938476 0.7204473 0.817072 0.3681086 -0.4437221 0.138149291 -0.13816528 -0.9807268 -0.9316114 -0.1205308 -0.3428887 -0.644216 -0.3768448 -0.6655628 0.8223367 0.4345567 0.3673185 0.9834428 0.0522473343 -0.173523679 0.565875053 -0.06761269 0.821714 0.7743133 0.315439284 0.54857713 -0.811869264 -0.214245871 0.543108642 -0.9829824 -0.107530184 0.148939088 -0.7668743 0.469233 0.4378632 -0.7395603 0.642158 0.2017021 -0.9184356 0.3743799 0.1277335 -0.169367284 0.8111158 -0.559826553 -0.739103734 -0.06629789 0.670321047 -0.742571831 0.111925185 0.660348237 -0.7779615 0.317104071 0.5424212 0.2229868 0.08832645 0.9708117 0.8838176 0.2405523 0.4012495 0.5325446 0.8193669 0.212212369 0.7166286 0.6763016 0.170469 0.5260527 0.4311485 0.7330618 0.8409864 0.398701 0.3657587 0.9926886 -0.09181803 0.07835036 0.9941792 0.07180154 0.08032637 0.7978 -0.153626114 -0.58302176 -0.984457 -0.1300385 -0.1180444 -0.8848114 -0.3211414 -0.3376049 -0.990943253 0.0314991362 -0.130534187 -0.911106765 0.411798537 0.0175031982 -0.644821167 0.121531881 -0.7546096 -0.612784445 0.752138853 -0.242450476 -0.9485562 -0.236354575 0.210660264 -0.9300763 0.0400566347 -0.365175873 -0.7797026 -0.526994348 -0.33814317 0.8512282 0.1515656 0.5024326 -0.3800657 0.4654641 -0.799308 -0.6297495 0.3681265 -0.684031 -0.258281261 0.605288744 -0.7529385 -0.389963031 -0.32779038 -0.8605128 0.4335501 0.1412291 -0.8899936 -0.3746566 -0.2297046 0.8982585 0.01924175 -0.1583142 -0.9872013 -0.3807995 -0.5450239 -0.7469543 -0.1127341 0.08055377 -0.9903545 -0.6282017 -0.228371 -0.7437804 -0.1032182 0.07660973 -0.9917041 -0.2861092 -0.2517278 -0.9245403 -0.2418267 0.4426636 -0.8634633 0.07428121 0.2159054 -0.9735847 0.0392231941 0.405963063 -0.9130475 0.009223579 0.08978538 -0.9959184 0.210604265 -0.244364873 -0.9465366 0.1436908 0.1937342 -0.9704741 0.7134758 0.2448846 -0.6564936 0.3302792 -0.0449019 -0.9428147 0.6136966 0.03852069 -0.7886017 -0.01906961 -0.1418791 -0.9897003 0.01902574 -0.3056326 -0.9519594 -0.1592641 -0.502109 -0.8500127 0.182684 -0.1851419 -0.9655823 -0.3129993 0.8840438 -0.3471281 -0.8491989 0.1717939 -0.4993478 -0.05004513 -0.1479423 -0.987729 -0.5163506 -0.2563025 -0.8171237 -0.00286030676 0.0444521867 -0.9990074 0.211913764 -0.264532566 -0.9408055 -0.9824526 0.1722865 0.07144409 0.07499313 0.6745567 -0.734404 0.876273 0.1790459 -0.4473123 0.9836632 0.1389926 -0.1144021 0.266927719 0.9277194 -0.260933816 -0.1367412 -0.6180481 -0.7741566 -0.1278846 -0.1860019 -0.9741914 0.9812551 -0.1272273 0.1447467 0.5907399 0.7781747 -0.2132383 0.6882348 -0.3476275 -0.6367794 0.5132086 -0.2731554 -0.8136357 0.7710572 0.635747 -0.03600776 0.9684437 0.233055174 0.08832888 0.99312526 0.0319693573 0.112606086 0.9596254 -0.2799468 -0.02736616 0.9984313 -0.02862048 0.04812234 0.997879565 -0.013285568 -0.0637168139 -0.8999333 -0.213216275 0.380340338 -0.911949 -0.357508957 0.201336265 -0.9902568 0.0120338686 0.138731986 -0.953239 -0.03985548 -0.299578 -0.9298797 0.07334977 0.360477 -0.8311165 0.147575691 0.5361592 -0.560799837 -0.302705228 -0.770631731 0.702845633 0.326986581 -0.631733954 -0.672687352 0.243157074 -0.698832154 -0.4837931 -0.03245443 0.8745805 0.6409768 0.224358723 -0.7340382 0.03591108 -0.2270752 0.9732149 0.349692285 0.0235792268 0.9365679 0.672304034 -0.285083473 0.683179855 -0.264455616 -0.358283818 0.895374835 0.5187248 0.008527278 0.8548988 0.106257483 0.184901789 0.9769957 -0.933751643 -0.0275118332 -0.356862932 0.8982045 -0.1001461 0.428018 0.944536269 0.0132639986 0.328139067 0.8733972 0.1454976 0.4647665 0.8347213 -0.08660477 0.5438199 -0.5704699 -0.06902319 0.8184131 -0.5427773 -0.05078178 0.8383401 -0.6879172 -0.283336 -0.6681996 -0.3396876 -0.2280431 -0.9124739 0.9396421 0.185492486 -0.287515581 0.5906032 0.4604018 0.6627353 -0.498856544 -0.329031259 -0.8017983 -0.277668983 -0.186176389 -0.942464 -0.5451068 -0.2932116 -0.7854206 0.1293508 0.866234 -0.4826045 -0.8464486 -0.2210053 0.4844394 -0.8519477 -0.3636116 0.3767913 0.9991544 0.0395988747 0.0110598188 0.8497577 0.01179134 -0.5270417 0.6393462 0.01806688 0.7687068 0.135756984 0.172344491 0.9756369 -0.49209854 -0.0325978845 0.869928956 -0.9425002 -0.0742379352 0.32585597 -0.897471 -0.1401807 0.4182048 -0.8208614 -0.030400686 -0.570317745 -0.6299527 -0.3792164 0.677757 -0.295158476 0.0412052758 -0.9545594 0.4359747 -0.1697697 0.8838011 -0.466419548 0.404019952 -0.786905766 0.3493359 -0.7265618 0.5916692 0.626349866 0.351052076 -0.696023166 0.9924439 -0.07650285 -0.09592992 0.426525146 0.279095769 -0.860338151 0.7345353 -0.01855057 -0.6783169 -0.35227257 0.0217833482 0.935643852 -0.08400171 0.4580875 -0.8849292 0.4826009 -0.08033186 -0.8721487 0.2520284 -0.3872131 -0.8868753 0.06027567 0.6964726 -0.7150474 0.2434943 0.3335278 -0.9107523 0.453085154 0.188301772 -0.8713531 -0.5041295 0.0884456 -0.8590872 -0.406139344 -0.0287998263 -0.9133572 0.01119303 0.4533302 0.8912724 -0.0229082089 -0.810502052 -0.585287631 -0.0134009682 0.90833807 0.418021828 -0.136104211 0.743562937 0.654667735 0.487887442 -0.173329979 -0.855524659 -0.468249053 -0.042380508 0.8825795 0.2328563 -0.04643023 0.9714022 0.2782518 0.353253 0.89319 0.9814582 -0.09568941 0.1660826 0.265174657 -0.244379163 0.9327171 -0.6030234 -0.04636025 -0.7963753 -0.174622089 0.09425674 0.9801137 0.7775405 -0.03604638 -0.6277989 0.8993735 0.250660866 -0.358184874 0.5561556 -0.6115735 0.562733233 0.9374578 -0.04900711 -0.344632 -0.431885034 -0.0187976882 0.9017327 0.04287612 0.756842 0.6521901 -0.07382374 0.8136372 0.5766667 0.0723288 0.8623996 0.5010346 0.5641603 0.5675761 0.5996503 -0.8084948 0.475877643 0.346231967 -0.0321402475 0.194436267 0.9803884 0.853295 0.322885 0.4094299 -0.5417373 0.7989729 0.2610805 0.3836995 0.8623091 0.3304508 0.8856636 -0.390968 -0.2504875 0.118398987 0.610913336 0.782794 -0.8258666 -0.419785529 -0.376463026 -0.1385125 -0.2503912 0.958185 -0.749279261 0.226008832 -0.622495532 -0.189110965 0.9711746 0.145109788 -0.3236204 0.1484008 0.9344769 0.9999144 -0.0105790393 -0.007690786 0.9795127 0.0154546378 -0.200788677 -0.170991 -0.1231502 0.977546 -0.9083841 0.07262741 -0.411780953 0.5526539 -0.3624963 -0.7504466 0.7734284 0.359549373 -0.522046745 -0.6925241 -0.1062027 -0.7135345 -0.2268472 -0.3041669 0.9252151 -0.6619883 0.3314709 -0.672234 0.003450334 0.3646219 0.9311493 0.9900274 0.04823291 -0.1323608 0.6749958 -0.4344034 -0.5963844 0.9109741 -0.296315581 0.28692016 -0.798827767 0.0568681844 -0.598865747 -0.8567893 0.478016049 0.193423674 -0.1058689 -0.002989411 -0.9943756 -0.730771065 -0.424265146 0.5347641 -0.0106338793 0.457248241 0.8892755 0.9978107 0.03655624 -0.05511289 -0.7171298 -0.2840505 -0.6364277 0.9970423 -0.07676242 -0.00375914457 0.3381311 0.9407235 0.02658581 0.060299322 0.9469436 0.315692574 -0.0870950744 0.099857904 -0.9911825 -0.9115364 -0.254903167 -0.322685361 -0.411337346 -0.8788261 0.241797775 0.752859 0.220336974 0.620205462 0.9039925 -0.2965611 -0.3079758 -0.8832408 -0.2696533 0.3836311 0.712859333 0.696238756 -0.0841622353 -0.415819854 0.909202456 -0.0210859086 0.999973 -0.00682467129 -0.00270664576 0.0378423259 -0.559354067 -0.828064561 -0.383253843 0.06906198 -0.921057463 -0.719856 0.217038468 -0.659319043 -0.731835663 0.231216371 -0.641058147 -5.80102933E-05 0.522562444 -0.852601 -0.08192264 -0.05898271 0.994891763 0.513935745 -0.268978059 0.8145678 0.5074269 -0.2830049 0.8138957 -0.8663161 0.4210389 0.268743 0.2205483 -0.3884238 0.8946985 -0.3807256 -0.06664216 -0.9222835 -0.8514886 -0.2317376 0.470388 -0.7862005 -0.5271381 -0.3225122 0.681089 0.6657322 0.3048254 0.218679667 0.510504246 -0.8316036 -0.921327 -0.0860119462 -0.379155248 -0.6415993 -0.3675913 -0.6732214 -0.111851186 0.8325615 -0.54252243 -0.1747124 0.8575331 -0.4838519 -0.7859618 0.363638163 0.500031352 0.8214943 -0.1679352 -0.5449266 0.826499 -0.159178987 -0.539964259 -0.9772571 -0.1745126 -0.1204743 -0.682528138 0.07492543 -0.727008641 0.8486459 0.01935756 0.5286071 -0.3732677 0.414852 -0.8298006 -0.3783781 0.4074976 -0.8311292 -0.2643308 0.605286 -0.7508383 -0.3937587 -0.3309683 -0.8575629 -0.368678 -0.1765894 0.9126296 -0.3709676 -0.2198179 0.9022545 -0.3969321 -0.1960394 0.896668 -0.406541228 -0.247994468 0.879331 -0.22507447 0.434089929 -0.8723001 0.1560506 -0.1331978 -0.978727 -0.3194224 0.8890433 -0.3279809 -0.9879215 0.1490876 0.04223835 -0.155329183 -0.598932564 -0.7855906 -0.4411174 -0.000680509 -0.8974491 -0.5584662 -0.2711669 -0.7839542 -0.5674116 -0.2973056 -0.767889 0.7266351 0.2945636 -0.620672 -0.645169 0.2397386 -0.7254532 0.64127177 0.279849976 -0.714460969 -0.258330256 -0.347325057 0.9014603 -0.158343688 -0.315185875 0.935727 -0.8465344 -0.1782436 0.5016063 -0.2802796 -0.2581717 -0.924549 0.5760209 0.4694764 0.6691726 0.201540872 0.8464507 -0.492851347 -0.8639158 -0.3423598 0.369377 -0.9089814 -0.1183075 0.3996951 0.4314998 -0.1769139 0.8845956 -0.3891289 0.07038211 0.9184907 -0.109016083 -0.639974058 -0.7606239 0.4798861 -0.1538548 -0.863735 0.5224727 -0.6506568 0.5510608 0.729596853 -0.09704498 -0.676956952 0.9165569 -0.183338389 -0.355401874 -0.746381342 -0.39887464 0.532741845 0.712856 0.6962422 -0.08416152</float_array>
          <technique_common>
            <accessor source="#Body-mesh-normals-array" count="343" stride="3">
              <param name="X" type="float" />
              <param name="Y" type="float" />
              <param name="Z" type="float" />
            </accessor>
          </technique_common>
        </source>
        <source id="Body-mesh-map">
          <float_array id="Body-mesh-map-array" count="2058">0.8285965 0.4635694 0.8306489 0.462137818 0.8235912 0.4669816 0.9099262 0.577291 0.9368435 0.591681 0.9113598 0.6309859 0.9023763 0.5072034 0.9130355 0.5137944 0.8868103 0.5197885 0.920244 0.5227414 0.9026345 0.5250335 0.8868103 0.5197885 0.8339908 0.5384104 0.8545638 0.5201069 0.8553168 0.5341858 0.3702625 0.5287556 0.4529043 0.4717698 0.3636503 0.4829995 0.5086101 0.4130785 0.6135541 0.396960258 0.5097791 0.428161621 0.8868103 0.5197885 0.9026345 0.5250335 0.8680981 0.5436899 0.9130355 0.5137944 0.9026345 0.5250335 0.9252496 0.5193293 0.8941748 0.5210081 0.9026345 0.5250335 0.9130355 0.5137944 0.7031111 0.42960012 0.7573748 0.467337132 0.7018263 0.480135322 0.8848093 0.511654 0.8941748 0.5210081 0.9129418 0.5116726 0.7573748 0.467337132 0.7031111 0.42960012 0.7058157 0.4248253 0.8941748 0.5210081 0.8848093 0.511654 0.8545638 0.5201069 0.9023763 0.5072034 0.9243925 0.5085271 0.9130355 0.5137944 0.9228788 0.5160613 0.9339049 0.5196753 0.9356814 0.5119211 0.8941748 0.5210081 0.9130355 0.5137944 0.9228788 0.5160613 0.8626493 0.5342089 0.8722701 0.5527482 0.8680981 0.5436899 0.8941748 0.5210081 0.8545638 0.5201069 0.8626493 0.5342089 0.847858 0.5678512 0.8680981 0.5436899 0.8722701 0.5527482 0.9228788 0.5160613 0.9129418 0.5116726 0.8941748 0.5210081 0.8722701 0.5527482 0.8838124 0.5671477 0.847858 0.5678512 0.8838124 0.5671477 0.867461 0.59802 0.847858 0.5678512 0.8101564 0.5459373 0.8545638 0.5201069 0.8339908 0.5384104 0.8101564 0.5459373 0.8339908 0.5384104 0.8187065 0.5826422 0.9129418 0.5116726 0.9228788 0.5160613 0.9243925 0.5085271 0.4373996 0.6246269 0.4826266 0.5926938 0.3765395 0.5832633 0.8626493 0.5342089 0.8545638 0.5201069 0.8499854 0.5444247 0.8763157 0.5508152 0.8626493 0.5342089 0.8499854 0.5444247 0.8101564 0.5459373 0.8499854 0.5444247 0.8545638 0.5201069 0.8326137 0.457085 0.8296983 0.4542669 0.8350426 0.4500453 0.8838124 0.5671477 0.8967731 0.5782601 0.867461 0.59802 0.8499854 0.5444247 0.8101564 0.5459373 0.8439014 0.5055306 0.8774193 0.554543 0.8763157 0.5508152 0.8499854 0.5444247 0.04522395 0.5077012 0.04117858 0.5061089 0.1221137 0.5442779 0.8763157 0.5508152 0.8774193 0.554543 0.8967731 0.5782601 0.8499854 0.5444247 0.8439014 0.5055306 0.8774193 0.554543 0.9153975 0.5535799 0.9368435 0.591681 0.9099262 0.577291 0.8439014 0.5055306 0.9153975 0.5535799 0.9099262 0.577291 0.920244 0.5227414 0.8868103 0.5197885 0.9130355 0.5137944 0.9284696 0.5737977 0.9153975 0.5535799 0.9140872 0.5520239 0.9140872 0.5520239 0.9153975 0.5535799 0.8774836 0.532762 0.9140872 0.5520239 0.8774836 0.532762 0.8988971 0.5275834 0.9284696 0.5737977 0.9140872 0.5520239 0.9147658 0.5407722 0.8774836 0.532762 0.8265332 0.5306576 0.8988971 0.5275834 0.8988971 0.5275834 0.9147658 0.5407722 0.9140872 0.5520239 0.8265332 0.5306576 0.8398074 0.5622999 0.873341 0.5031716 0.8398074 0.5622999 0.8265332 0.5306576 0.6843194 0.588333 0.4197081 0.5425293 0.2638431 0.4918614 0.4485656 0.4882676 0.969381 0.485139 0.9612498 0.484439015 0.9664656 0.482321024 0.9147658 0.5407722 0.8988971 0.5275834 0.9009041 0.5058473 0.9147658 0.5407722 0.9055388 0.5173949 0.8923639 0.5773621 0.969381 0.485139 0.9471217 0.48881197 0.9612498 0.484439015 0.9649613 0.478293 0.969381 0.485139 0.9701877 0.473941565 0.9649613 0.478293 0.9471217 0.48881197 0.969381 0.485139 0.8439014 0.5055306 0.7747527 0.4650213 0.8774836 0.532762 0.9296992 0.485565 0.9612498 0.484439015 0.9471217 0.48881197 0.8398074 0.5622999 0.8923639 0.5773621 0.8876206 0.5058968 0.8876206 0.5058968 0.8674014 0.4985956 0.8398074 0.5622999 0.9649613 0.478293 0.9701877 0.473941565 0.9483916 0.4664775 0.9127485 0.477579474 0.9483916 0.4664775 0.9296992 0.485565 0.9147658 0.5407722 0.9009041 0.5058473 0.9055388 0.5173949 0.9009041 0.5058473 0.9127485 0.477579474 0.9296992 0.485565 0.873341 0.5031716 0.9127485 0.477579474 0.9009041 0.5058473 0.8398074 0.5622999 0.8674014 0.4985956 0.873341 0.5031716 0.9630393 0.4887398 0.9447763 0.4811359 0.9471217 0.48881197 0.9055388 0.5173949 0.9296992 0.485565 0.9471217 0.48881197 0.9009041 0.5058473 0.9296992 0.485565 0.9055388 0.5173949 0.9127485 0.477579474 0.873341 0.5031716 0.8674014 0.4985956 0.9832425 0.4853273 0.9649613 0.478293 0.983907 0.477986932 0.9649613 0.478293 0.9832425 0.4853273 0.9630393 0.4887398 0.9630393 0.4887398 0.9471217 0.48881197 0.9649613 0.478293 0.9447763 0.4811359 0.9055388 0.5173949 0.9471217 0.48881197 0.9649613 0.478293 0.9483916 0.4664775 0.9447763 0.4811359 0.9843371 0.4754359 0.9649613 0.478293 0.9447763 0.4811359 0.8383607 0.4641046 0.8465707 0.457223535 0.8428519 0.46858573 0.9483916 0.4664775 0.9701877 0.473941565 0.9612498 0.484439015 0.8923639 0.5773621 0.9055388 0.5173949 0.8876206 0.5058968 0.9832425 0.4853273 0.9843371 0.4754359 0.9447763 0.4811359 0.9447763 0.4811359 0.9630393 0.4887398 0.9832425 0.4853273 0.9055388 0.5173949 0.9447763 0.4811359 0.8876206 0.5058968 0.8187065 0.5826422 0.847858 0.5678512 0.867461 0.59802 0.8187065 0.5826422 0.867461 0.59802 0.8245136 0.6682372 0.9113598 0.6309859 0.8245136 0.6682372 0.867461 0.59802 0.8967731 0.5782601 0.9113598 0.6309859 0.867461 0.59802 0.9113598 0.6309859 0.8830265 0.7072792 0.8245136 0.6682372 0.8763157 0.5508152 0.8838124 0.5671477 0.8722701 0.5527482 0.8283414 0.711404 0.8245136 0.6682372 0.8830265 0.7072792 0.8245136 0.6682372 0.8283414 0.711404 0.7771969 0.6972375 0.8553168 0.5341858 0.8868103 0.5197885 0.8680981 0.5436899 0.8804845 0.7171258 0.7950026 0.7280508 0.8556222 0.7242586 0.7940134 0.6984454 0.8804845 0.7171258 0.9088703 0.6355125 0.9088703 0.6355125 0.9395582 0.599368 0.9284696 0.5737977 0.9088703 0.6355125 0.9284696 0.5737977 0.8923639 0.5773621 0.9088703 0.6355125 0.8345791 0.6614492 0.7940134 0.6984454 0.8923639 0.5773621 0.8345791 0.6614492 0.9088703 0.6355125 0.8398074 0.5622999 0.8345791 0.6614492 0.8923639 0.5773621 0.8398074 0.5622999 0.6843194 0.588333 0.8345791 0.6614492 0.9127485 0.477579474 0.9447763 0.4811359 0.9483916 0.4664775 0.5770838 0.5748801 0.5117928 0.524119 0.5828961 0.458812237 0.5117928 0.524119 0.5150058 0.473782 0.5828961 0.458812237 0.7025343 0.5412132 0.8101564 0.5459373 0.6824852 0.5977928 0.7025343 0.5412132 0.6824852 0.5977928 0.6764313 0.488955259 0.873341 0.5031716 0.9009041 0.5058473 0.8988971 0.5275834 0.7018263 0.480135322 0.7025343 0.5412132 0.6764313 0.488955259 0.5117928 0.524119 0.5052862 0.6225281 0.4197081 0.5425293 0.8101564 0.5459373 0.7025343 0.5412132 0.7018263 0.480135322 0.4485656 0.4882676 0.5150058 0.473782 0.5117928 0.524119 0.1911844 0.5529705 0.3636503 0.4829995 0.1701163 0.516956 0.6424452 0.4409666 0.6323024 0.471596 0.6144343 0.432509 0.8439014 0.5055306 0.8101564 0.5459373 0.7573748 0.467337132 0.9099262 0.577291 0.8967731 0.5782601 0.8774193 0.554543 0.5188543 0.4499306 0.5761532 0.438973 0.5828961 0.458812237 0.5856173 0.434873819 0.6424452 0.4409666 0.6144343 0.432509 0.6424322 0.662877 0.7771969 0.6972375 0.6718376 0.6969951 0.5856173 0.434873819 0.5188543 0.4499306 0.5097791 0.428161621 0.4485656 0.4882676 0.4336372 0.44121027 0.5097791 0.428161621 0.6135541 0.396960258 0.6665217 0.387208223 0.7031111 0.42960012 0.4485656 0.4882676 0.3561052 0.4620877 0.4336372 0.44121027 0.588896 0.376990318 0.6665217 0.387208223 0.6135541 0.396960258 0.5086101 0.4130785 0.588896 0.376990318 0.6135541 0.396960258 0.6393908 0.4208238 0.6897898 0.4501469 0.6132767 0.4162113 0.7058157 0.4248253 0.7031111 0.42960012 0.6665217 0.387208223 0.8439014 0.5055306 0.7573748 0.467337132 0.7747527 0.4650213 0.6665217 0.387208223 0.588896 0.376990318 0.6292868 0.390703917 0.5086101 0.4130785 0.5627508 0.414400816 0.588896 0.376990318 0.6292868 0.390703917 0.7058157 0.4248253 0.6665217 0.387208223 0.7058157 0.4248253 0.6292868 0.390703917 0.6132767 0.4162113 0.6292868 0.390703917 0.588896 0.376990318 0.5627508 0.414400816 0.6292868 0.390703917 0.5627508 0.414400816 0.6132767 0.4162113 0.5086101 0.4130785 0.5059707 0.4202634 0.5627508 0.414400816 0.4556548 0.4350093 0.5059707 0.4202634 0.5086101 0.4130785 0.4336372 0.44121027 0.4556548 0.4350093 0.5086101 0.4130785 0.5761532 0.438973 0.5188543 0.4499306 0.5856173 0.434873819 0.9113598 0.6309859 0.9395582 0.599368 0.95051 0.6450246 0.6658074 0.427010179 0.6897898 0.4501469 0.6393908 0.4208238 0.5059707 0.4202634 0.5466176 0.4053902 0.5627508 0.414400816 0.6132767 0.4162113 0.5466176 0.4053902 0.5973501 0.397063136 0.5627508 0.414400816 0.5466176 0.4053902 0.6132767 0.4162113 0.5059707 0.4202634 0.4556548 0.4350093 0.5466176 0.4053902 0.5770838 0.5748801 0.6323024 0.471596 0.6764313 0.488955259 0.6658074 0.427010179 0.6765606 0.436871767 0.6897898 0.4501469 0.694861 0.5069682 0.8265332 0.5306576 0.6897898 0.4501469 0.8265332 0.5306576 0.694861 0.5069682 0.6843194 0.588333 0.694861 0.5069682 0.6897898 0.4501469 0.6765606 0.436871767 0.8385336 0.4465813 0.8507189 0.437034726 0.8350426 0.4500453 0.5856173 0.434873819 0.5097791 0.428161621 0.6135541 0.396960258 0.4826266 0.5926938 0.4529043 0.4717698 0.3702625 0.5287556 0.694861 0.5069682 0.6765606 0.436871767 0.6483084 0.429347634 0.4529043 0.4717698 0.549502 0.4167251 0.4556548 0.4350093 0.4556548 0.4350093 0.549502 0.4167251 0.5466176 0.4053902 0.6483084 0.429347634 0.6843194 0.588333 0.694861 0.5069682 0.6483084 0.429347634 0.5655056 0.5656307 0.6843194 0.588333 0.4529043 0.4717698 0.4826266 0.5926938 0.549502 0.4167251 0.5655056 0.5656307 0.549502 0.4167251 0.4826266 0.5926938 0.6083279 0.388644218 0.549502 0.4167251 0.6483084 0.429347634 0.549502 0.4167251 0.5655056 0.5656307 0.6483084 0.429347634 0.5770838 0.5748801 0.5785657 0.6364994 0.5052862 0.6225281 0.5770838 0.5748801 0.5052862 0.6225281 0.5117928 0.524119 0.6824852 0.5977928 0.8187065 0.5826422 0.8245136 0.6682372 0.6824852 0.5977928 0.8101564 0.5459373 0.8187065 0.5826422 0.6824852 0.5977928 0.5785657 0.6364994 0.5770838 0.5748801 0.6424322 0.662877 0.5785657 0.6364994 0.6824852 0.5977928 0.8868103 0.5197885 0.8553168 0.5341858 0.8848093 0.511654 0.8265332 0.5306576 0.8774836 0.532762 0.7747527 0.4650213 0.06099689 0.4938076 0.08774274 0.5154442 0.04070687 0.4916572 0.7771969 0.6972375 0.8283414 0.711404 0.7950026 0.7280508 0.7058157 0.4248253 0.6132767 0.4162113 0.6897898 0.4501469 0.7573775 0.719691 0.6718376 0.6969951 0.7950026 0.7280508 0.7950026 0.7280508 0.8804845 0.7171258 0.7573775 0.719691 0.7940134 0.6984454 0.6718376 0.6969951 0.7573775 0.719691 0.5052862 0.6225281 0.4373996 0.6246269 0.4229837 0.6019951 0.8804845 0.7171258 0.7940134 0.6984454 0.7573775 0.719691 0.3765395 0.5832633 0.3702625 0.5287556 0.2956982 0.5708453 0.2193357 0.5411998 0.08774274 0.5154442 0.1529552 0.5112219 0.7940134 0.6984454 0.8345791 0.6614492 0.6843194 0.588333 0.6843194 0.588333 0.6108204 0.6515544 0.7940134 0.6984454 0.6108204 0.6515544 0.6843194 0.588333 0.5655056 0.5656307 0.6108204 0.6515544 0.5655056 0.5656307 0.4826266 0.5926938 0.2193357 0.5411998 0.4197081 0.5425293 0.2956982 0.5708453 0.4229837 0.6019951 0.2956982 0.5708453 0.4197081 0.5425293 0.4485656 0.4882676 0.2638431 0.4918614 0.3561052 0.4620877 0.4556548 0.4350093 0.4336372 0.44121027 0.3561052 0.4620877 0.2108826 0.5585375 0.2193357 0.5411998 0.2956982 0.5708453 0.8941748 0.5210081 0.8626493 0.5342089 0.8680981 0.5436899 0.3561052 0.4620877 0.2638431 0.4918614 0.2852952 0.470772624 0.2638431 0.4918614 0.1529552 0.5112219 0.1317891 0.4978512 0.2638431 0.4918614 0.1317891 0.4978512 0.2852952 0.470772624 0.9153975 0.5535799 0.9284696 0.5737977 0.9395582 0.599368 0.1911844 0.5529705 0.2108826 0.5585375 0.2956982 0.5708453 0.8339908 0.5384104 0.8553168 0.5341858 0.847858 0.5678512 0.1056303 0.5358614 0.1317891 0.4978512 0.07633525 0.5100411 0.1317891 0.4978512 0.1701163 0.516956 0.2852952 0.470772624 0.3765395 0.5832633 0.2956982 0.5708453 0.4373996 0.6246269 0.3702625 0.5287556 0.1911844 0.5529705 0.2956982 0.5708453 0.2956982 0.5708453 0.4229837 0.6019951 0.4373996 0.6246269 0.1221137 0.5442779 0.08774274 0.5154442 0.2193357 0.5411998 0.7771969 0.6972375 0.6424322 0.662877 0.6824852 0.5977928 0.08774274 0.5154442 0.06099689 0.4938076 0.1529552 0.5112219 0.08774274 0.5154442 0.1221137 0.5442779 0.04117858 0.5061089 0.06099689 0.4938076 0.1317891 0.4978512 0.1529552 0.5112219 0.6718376 0.6969951 0.7940134 0.6984454 0.6108204 0.6515544 0.04070687 0.4916572 0.02194422 0.4805491 0.01485246 0.473930359 0.01485246 0.473930359 0.02194422 0.4805491 0.04117858 0.5061089 0.02810299 0.489240885 0.06099689 0.4938076 0.01485246 0.473930359 0.07633525 0.5100411 0.02810299 0.489240885 0.04522395 0.5077012 0.02810299 0.489240885 0.07633525 0.5100411 0.06099689 0.4938076 0.07633525 0.5100411 0.1317891 0.4978512 0.06099689 0.4938076 0.8283414 0.711404 0.8830265 0.7072792 0.8556222 0.7242586 0.5973501 0.397063136 0.6083279 0.388644218 0.6393908 0.4208238 0.5466176 0.4053902 0.549502 0.4167251 0.5973501 0.397063136 0.6083279 0.388644218 0.5973501 0.397063136 0.549502 0.4167251 0.6483084 0.429347634 0.6393908 0.4208238 0.6083279 0.388644218 0.6765606 0.436871767 0.6393908 0.4208238 0.6483084 0.429347634 0.6393908 0.4208238 0.6765606 0.436871767 0.6658074 0.427010179 0.5828961 0.458812237 0.6144343 0.432509 0.6323024 0.471596 0.6144343 0.432509 0.5828961 0.458812237 0.5761532 0.438973 0.8556222 0.7242586 0.8830265 0.7072792 0.8804845 0.7171258 0.5097791 0.428161621 0.5188543 0.4499306 0.5150058 0.473782 0.9368435 0.591681 0.9395582 0.599368 0.9113598 0.6309859 0.8830265 0.7072792 0.9085076 0.6893374 0.9019105 0.7112317 0.9023763 0.5072034 0.8848093 0.511654 0.9129418 0.5116726 0.2193357 0.5411998 0.2956982 0.5708453 0.1911844 0.5529705 0.1911844 0.5529705 0.1056303 0.5358614 0.1221137 0.5442779 0.1911844 0.5529705 0.2193357 0.5411998 0.2108826 0.5585375 0.04522395 0.5077012 0.1056303 0.5358614 0.07633525 0.5100411 0.8235912 0.4669816 0.8391894 0.471446157 0.8409579 0.469320178 0.8235912 0.4669816 0.8306489 0.462137818 0.8383607 0.4641046 0.920244 0.5227414 0.9217137 0.523171 0.9026345 0.5250335 0.9252496 0.5193293 0.9026345 0.5250335 0.9217137 0.523171 0.8306489 0.462137818 0.8250609 0.4674111 0.8409579 0.469320178 0.04117858 0.5061089 0.04522395 0.5077012 0.02810299 0.489240885 0.1056303 0.5358614 0.1701163 0.516956 0.1317891 0.4978512 0.2193357 0.5411998 0.1911844 0.5529705 0.1221137 0.5442779 0.9322404 0.6587693 0.95051 0.6450246 0.9337807 0.6657704 0.9322404 0.6587693 0.9019105 0.7112317 0.9085076 0.6893374 0.9019105 0.7112317 0.9322404 0.6587693 0.9337807 0.6657704 0.8804845 0.7171258 0.9019105 0.7112317 0.9337807 0.6657704 0.9113598 0.6309859 0.9322404 0.6587693 0.9085076 0.6893374 0.8830265 0.7072792 0.9019105 0.7112317 0.8804845 0.7171258 0.8804845 0.7171258 0.9337807 0.6657704 0.9088703 0.6355125 0.9113598 0.6309859 0.9085076 0.6893374 0.8830265 0.7072792 0.8428519 0.46858573 0.8465707 0.457223535 0.8409579 0.469320178 0.8409579 0.469320178 0.8465707 0.457223535 0.8383607 0.4641046 0.8391894 0.471446157 0.8428519 0.46858573 0.8409579 0.469320178 0.8518967 0.462463856 0.8617987 0.455037117 0.8578532 0.467651844 0.9228788 0.5160613 0.9130355 0.5137944 0.9318238 0.5186376 0.9243925 0.5085271 0.9356814 0.5119211 0.9318238 0.5186376 0.8578532 0.467651844 0.8617987 0.455037117 0.8601083 0.4663797 0.8501202 0.470218 0.8480393 0.4691804 0.8578532 0.467651844 0.8518967 0.462463856 0.8501202 0.470218 0.8601083 0.4663797 0.9228788 0.5160613 0.9356814 0.5119211 0.9243925 0.5085271 0.8235912 0.4669816 0.8409579 0.469320178 0.8250609 0.4674111 0.8235912 0.4669816 0.8383607 0.4641046 0.8391894 0.471446157 0.8285965 0.4635694 0.8250609 0.4674111 0.8306489 0.462137818 0.8306489 0.462137818 0.8409579 0.469320178 0.8383607 0.4641046 0.8518967 0.462463856 0.8578532 0.467651844 0.8480393 0.4691804 0.9228788 0.5160613 0.9318238 0.5186376 0.9339049 0.5196753 0.9243925 0.5085271 0.9318238 0.5186376 0.9130355 0.5137944 0.8501202 0.470218 0.8578532 0.467651844 0.8601083 0.4663797 0.8518967 0.462463856 0.8601083 0.4663797 0.8617987 0.455037117 0.4556548 0.4350093 0.3636503 0.4829995 0.4529043 0.4717698 0.8334204 0.4458875 0.8326137 0.457085 0.8417397 0.454349756 0.8334204 0.4458875 0.8385336 0.4465813 0.8296983 0.4542669 0.8507189 0.437034726 0.8417397 0.454349756 0.8350426 0.4500453 0.9843371 0.4754359 0.983907 0.477986932 0.9649613 0.478293 0.04117858 0.5061089 0.02194422 0.4805491 0.04070687 0.4916572 0.8478865 0.455673337 0.8580188 0.450848818 0.8590989 0.4499719 0.8334204 0.4458875 0.8417397 0.454349756 0.8385336 0.4465813 0.9701877 0.473941565 0.9664656 0.482321024 0.9612498 0.484439015 0.8385336 0.4465813 0.8417397 0.454349756 0.8507189 0.437034726 0.9832425 0.4853273 0.9846536 0.4837275 0.9843371 0.4754359 0.8580188 0.450848818 0.8643928 0.43547368 0.8590989 0.4499719 0.8471397 0.4499331 0.8475698 0.4473822 0.8590989 0.4499719 0.8471397 0.4499331 0.8643928 0.43547368 0.8580188 0.450848818 0.9832425 0.4853273 0.983907 0.477986932 0.9846536 0.4837275 0.8478865 0.455673337 0.8590989 0.4499719 0.8475698 0.4473822 0.8471397 0.4499331 0.8590989 0.4499719 0.8643928 0.43547368 0.8471397 0.4499331 0.8580188 0.450848818 0.8478865 0.455673337 0.9395582 0.599368 0.9088703 0.6355125 0.9337807 0.6657704 0.9099262 0.577291 0.9113598 0.6309859 0.8967731 0.5782601 0.3702625 0.5287556 0.3636503 0.4829995 0.1911844 0.5529705 0.5086101 0.4130785 0.5097791 0.428161621 0.4336372 0.44121027 0.7031111 0.42960012 0.6424452 0.4409666 0.6135541 0.396960258 0.6424452 0.4409666 0.7031111 0.42960012 0.7018263 0.480135322 0.7018263 0.480135322 0.7573748 0.467337132 0.8101564 0.5459373 0.7573748 0.467337132 0.7058157 0.4248253 0.7747527 0.4650213 0.3765395 0.5832633 0.4826266 0.5926938 0.3702625 0.5287556 0.4826266 0.5926938 0.5482532 0.6684471 0.6108204 0.6515544 0.5482532 0.6684471 0.4826266 0.5926938 0.4373996 0.6246269 0.8326137 0.457085 0.8350426 0.4500453 0.8417397 0.454349756 0.04522395 0.5077012 0.1221137 0.5442779 0.1056303 0.5358614 0.920244 0.5227414 0.9130355 0.5137944 0.9252496 0.5193293 0.2638431 0.4918614 0.4197081 0.5425293 0.2193357 0.5411998 0.4197081 0.5425293 0.4485656 0.4882676 0.5117928 0.524119 0.9147658 0.5407722 0.8923639 0.5773621 0.9284696 0.5737977 0.8439014 0.5055306 0.8774836 0.532762 0.9153975 0.5535799 0.8383607 0.4641046 0.8428519 0.46858573 0.8391894 0.471446157 0.9483916 0.4664775 0.9612498 0.484439015 0.9296992 0.485565 0.8838124 0.5671477 0.8763157 0.5508152 0.8967731 0.5782601 0.8763157 0.5508152 0.8722701 0.5527482 0.8626493 0.5342089 0.8553168 0.5341858 0.8680981 0.5436899 0.847858 0.5678512 0.9447763 0.4811359 0.9127485 0.477579474 0.8876206 0.5058968 0.8876206 0.5058968 0.9127485 0.477579474 0.8674014 0.4985956 0.5770838 0.5748801 0.5828961 0.458812237 0.6323024 0.471596 0.873341 0.5031716 0.8988971 0.5275834 0.8265332 0.5306576 0.1911844 0.5529705 0.1701163 0.516956 0.1056303 0.5358614 0.6323024 0.471596 0.6424452 0.4409666 0.6764313 0.488955259 0.6764313 0.488955259 0.6424452 0.4409666 0.7018263 0.480135322 0.9099262 0.577291 0.8774193 0.554543 0.8439014 0.5055306 0.5188543 0.4499306 0.5828961 0.458812237 0.5150058 0.473782 0.6424322 0.662877 0.5482532 0.6684471 0.5785657 0.6364994 0.5785657 0.6364994 0.5482532 0.6684471 0.5052862 0.6225281 0.5482532 0.6684471 0.6424322 0.662877 0.6718376 0.6969951 0.6718376 0.6969951 0.7771969 0.6972375 0.7950026 0.7280508 0.6393908 0.4208238 0.6132767 0.4162113 0.5973501 0.397063136 0.5761532 0.438973 0.5856173 0.434873819 0.6144343 0.432509 0.9113598 0.6309859 0.95051 0.6450246 0.9322404 0.6587693 0.5770838 0.5748801 0.6764313 0.488955259 0.6824852 0.5977928 0.8385336 0.4465813 0.8350426 0.4500453 0.8296983 0.4542669 0.5856173 0.434873819 0.6135541 0.396960258 0.6424452 0.4409666 0.9023763 0.5072034 0.8868103 0.5197885 0.8848093 0.511654 0.8848093 0.511654 0.8553168 0.5341858 0.8545638 0.5201069 0.8265332 0.5306576 0.7747527 0.4650213 0.6897898 0.4501469 0.06099689 0.4938076 0.04070687 0.4916572 0.01485246 0.473930359 0.7058157 0.4248253 0.6897898 0.4501469 0.7747527 0.4650213 0.4373996 0.6246269 0.5052862 0.6225281 0.5482532 0.6684471 0.5052862 0.6225281 0.4229837 0.6019951 0.4197081 0.5425293 0.2193357 0.5411998 0.1529552 0.5112219 0.2638431 0.4918614 0.4556548 0.4350093 0.3561052 0.4620877 0.2852952 0.470772624 0.8941748 0.5210081 0.8680981 0.5436899 0.9026345 0.5250335 0.9153975 0.5535799 0.9395582 0.599368 0.9368435 0.591681 0.8339908 0.5384104 0.847858 0.5678512 0.8187065 0.5826422 0.7771969 0.6972375 0.6824852 0.5977928 0.8245136 0.6682372 0.6718376 0.6969951 0.6108204 0.6515544 0.5482532 0.6684471 0.8283414 0.711404 0.8556222 0.7242586 0.7950026 0.7280508 0.5097791 0.428161621 0.5150058 0.473782 0.4485656 0.4882676 0.9023763 0.5072034 0.9129418 0.5116726 0.9243925 0.5085271 0.04117858 0.5061089 0.02810299 0.489240885 0.01485246 0.473930359 0.1701163 0.516956 0.3636503 0.4829995 0.2852952 0.470772624 0.2852952 0.470772624 0.3636503 0.4829995 0.4556548 0.4350093 0.04117858 0.5061089 0.04070687 0.4916572 0.08774274 0.5154442 0.9395582 0.599368 0.9337807 0.6657704 0.95051 0.6450246</float_array>
          <technique_common>
            <accessor source="#Body-mesh-map-array" count="1029" stride="2">
              <param name="S" type="float" />
              <param name="T" type="float" />
            </accessor>
          </technique_common>
        </source>
        <vertices id="Body-mesh-vertices">
          <input semantic="POSITION" source="#Body-mesh-positions" />
        </vertices>
        <triangles count="343">
          <input semantic="VERTEX" source="#Body-mesh-vertices" offset="0" />
          <input semantic="NORMAL" source="#Body-mesh-normals" offset="1" />
          <input semantic="TEXCOORD" source="#Body-mesh-map" offset="2" />
          <p>0 0 0 2 0 2 1 0 1 3 1 3 5 1 5 4 1 4 6 2 6 8 2 8 7 2 7 2 3 9 8 3 11 9 3 10 10 4 12 12 4 14 11 4 13 13 5 15 15 5 17 14 5 16 16 6 18 18 6 20 17 6 19 8 7 21 19 7 23 9 7 22 7 8 24 0 8 26 9 8 25 20 9 27 7 9 29 9 9 28 21 10 30 23 10 32 22 10 31 24 11 33 25 11 35 20 11 34 22 12 36 26 12 38 21 12 37 20 13 39 11 13 41 24 13 40 6 14 42 7 14 44 27 14 43 28 15 45 30 15 47 29 15 46 20 16 48 28 16 50 7 16 49 31 17 51 19 17 53 32 17 52 20 18 54 31 18 56 11 18 55 33 19 57 32 19 59 19 19 58 28 20 60 20 20 62 25 20 61 32 21 63 33 21 65 34 21 64 34 22 66 33 22 68 35 22 67 36 23 69 10 23 71 11 23 70 36 24 72 37 24 74 10 24 73 25 25 75 27 25 77 28 25 76 38 26 78 40 26 80 39 26 79 31 27 81 41 27 83 11 27 82 42 28 84 41 28 86 31 28 85 36 29 87 11 29 89 41 29 88 43 30 90 45 30 92 44 30 91 34 31 93 35 31 95 46 31 94 41 32 96 47 32 98 36 32 97 48 33 99 41 33 101 42 33 100 49 34 102 51 34 104 50 34 103 42 35 105 46 35 107 48 35 106 41 36 108 48 36 110 47 36 109 52 37 111 3 37 113 4 37 112 47 38 114 3 38 116 52 38 115 2 39 117 7 39 119 8 39 118 53 40 120 54 40 122 52 40 121 54 41 123 55 41 125 52 41 124 54 42 126 56 42 128 55 42 127 53 43 129 57 43 131 54 43 130 55 44 132 56 44 134 58 44 133 56 45 135 54 45 137 57 45 136 58 46 138 60 46 140 59 46 139 59 47 141 61 47 143 58 47 142 62 48 144 64 48 146 63 48 145 43 49 147 44 49 149 65 49 148 57 50 150 66 50 152 56 50 151 57 51 153 68 51 155 67 51 154 43 52 156 65 52 158 69 52 157 70 53 159 71 53 161 43 53 160 70 54 162 43 54 164 69 54 163 47 55 165 55 55 167 72 55 166 73 56 168 69 56 170 65 56 169 59 57 171 74 57 173 68 57 172 74 58 174 59 58 176 75 58 175 70 59 177 76 59 179 71 59 178 77 60 180 73 60 182 76 60 181 57 61 183 67 61 185 66 61 184 66 62 186 73 62 188 77 62 187 60 63 189 66 63 191 77 63 190 59 64 192 60 64 194 75 64 193 78 65 195 69 65 197 79 65 196 67 66 198 69 66 200 73 66 199 66 67 201 67 67 203 73 67 202 77 68 204 75 68 206 60 68 205 80 69 207 81 69 209 70 69 208 70 70 210 78 70 212 80 70 211 78 71 213 70 71 215 69 71 214 79 72 216 69 72 218 67 72 217 70 73 219 79 73 221 76 73 220 82 74 222 79 74 224 70 74 223 83 75 225 85 75 227 84 75 226 76 76 228 65 76 230 71 76 229 68 77 231 74 77 233 67 77 232 80 78 234 79 78 236 82 78 235 79 79 237 80 79 239 78 79 238 67 80 240 74 80 242 79 80 241 37 81 243 35 81 245 33 81 244 37 82 246 86 82 248 35 82 247 5 83 249 35 83 251 86 83 250 46 84 252 35 84 254 5 84 253 5 85 255 86 85 257 87 85 256 42 86 258 32 86 260 34 86 259 88 87 261 87 87 263 86 87 262 86 88 264 89 88 266 88 88 265 12 89 267 19 89 269 8 89 268 90 90 270 92 90 272 91 90 271 93 91 273 94 91 275 90 91 274 94 92 276 53 92 278 95 92 277 94 93 279 68 93 281 53 93 280 94 94 282 93 94 284 96 94 283 68 95 285 94 95 287 96 95 286 59 96 288 68 96 290 96 96 289 59 97 291 96 97 293 61 97 292 77 98 294 76 98 296 79 98 295 97 99 297 99 99 299 98 99 298 98 100 300 99 100 302 100 100 301 101 101 303 102 101 305 36 101 304 101 102 306 103 102 308 102 102 307 60 103 309 56 103 311 66 103 310 23 104 312 103 104 314 101 104 313 98 105 315 62 105 317 104 105 316 36 106 318 23 106 320 101 106 319 64 107 321 98 107 323 100 107 322 105 108 324 106 108 326 15 108 325 107 109 327 109 109 329 108 109 328 47 110 330 22 110 332 36 110 331 3 111 333 48 111 335 46 111 334 110 112 336 99 112 338 111 112 337 112 113 339 109 113 341 107 113 340 113 114 342 114 114 344 89 114 343 112 115 345 18 115 347 110 115 346 64 116 348 18 116 350 115 116 349 17 117 351 21 117 353 116 117 352 64 118 354 115 118 356 117 118 355 118 119 357 17 119 359 116 119 358 16 120 360 17 120 362 118 120 361 119 121 363 121 121 365 120 121 364 26 122 366 116 122 368 21 122 367 47 123 369 72 123 371 22 123 370 116 124 372 122 124 374 118 124 373 16 125 375 118 125 377 123 125 376 122 126 378 116 126 380 26 126 379 26 127 381 121 127 383 122 127 382 122 128 384 123 128 386 118 128 385 122 129 387 121 129 389 123 129 388 16 130 390 123 130 392 124 130 391 125 131 393 16 131 395 124 131 394 115 132 396 16 132 398 125 132 397 111 133 399 112 133 401 110 133 400 5 134 402 126 134 404 95 134 403 127 135 405 119 135 407 120 135 406 124 136 408 123 136 410 128 136 409 121 137 411 129 137 413 128 137 412 123 138 414 121 138 416 128 138 415 124 139 417 128 139 419 125 139 418 97 140 420 103 140 422 108 140 421 127 141 423 120 141 425 130 141 424 131 142 426 120 142 428 58 142 427 58 143 429 61 143 431 131 143 430 131 144 432 130 144 434 120 144 433 132 145 435 45 145 437 133 145 436 112 146 438 17 146 440 18 146 439 39 147 441 13 147 443 14 147 442 131 148 444 134 148 446 130 148 445 14 149 447 125 149 449 135 149 448 125 150 450 128 150 452 135 150 451 134 151 453 131 151 455 61 151 454 134 152 456 61 152 458 136 152 457 14 153 459 135 153 461 39 153 460 136 154 462 39 154 464 135 154 463 137 155 465 134 155 467 135 155 466 135 156 468 134 156 470 136 156 469 97 157 471 104 157 473 138 157 472 97 158 474 98 158 476 104 158 475 102 159 477 86 159 479 37 159 478 102 160 480 37 160 482 36 160 481 102 161 483 97 161 485 138 161 484 113 162 486 102 162 488 138 162 487 8 163 489 24 163 491 12 163 490 58 164 492 72 164 494 55 164 493 139 165 495 141 165 497 140 165 496 89 166 498 91 166 500 88 166 499 26 167 501 120 167 503 121 167 502 142 168 504 91 168 506 114 168 505 91 169 507 142 169 509 90 169 508 93 170 510 142 170 512 114 170 511 104 171 513 143 171 515 38 171 514 90 172 516 142 172 518 93 172 517 40 173 519 144 173 521 13 173 520 145 174 522 146 174 524 140 174 523 93 175 525 61 175 527 96 175 526 61 176 528 93 176 530 147 176 529 147 177 531 136 177 533 61 177 532 147 178 534 39 178 536 136 178 535 145 179 537 144 179 539 62 179 538 143 180 540 62 180 542 144 180 541 64 181 543 117 181 545 63 181 544 125 182 546 117 182 548 115 182 547 148 183 549 144 183 551 145 183 550 20 184 552 19 184 554 31 184 553 117 185 555 149 185 557 63 185 556 63 186 558 150 186 560 146 186 559 63 187 561 149 187 563 150 187 562 52 188 564 95 188 566 53 188 565 105 189 567 144 189 569 148 189 568 10 190 570 33 190 572 12 190 571 151 191 573 152 191 575 150 191 574 150 192 576 149 192 578 106 192 577 40 193 579 38 193 581 144 193 580 13 194 582 144 194 584 105 194 583 144 195 585 38 195 587 143 195 586 51 196 588 145 196 590 140 196 589 89 197 591 102 197 593 113 197 592 140 198 594 146 198 596 139 198 595 140 199 597 50 199 599 51 199 598 139 200 600 146 200 602 150 200 601 114 201 603 147 201 605 93 201 604 141 202 606 154 202 608 153 202 607 154 203 609 50 203 611 153 203 610 155 204 612 154 204 614 139 204 613 152 205 615 49 205 617 155 205 616 155 206 618 139 206 620 152 206 619 152 207 621 139 207 623 150 207 622 88 208 624 92 208 626 87 208 625 129 209 627 119 209 629 137 209 628 128 210 630 129 210 632 135 210 631 137 211 633 135 211 635 129 211 634 134 212 636 137 212 638 119 212 637 130 213 639 134 213 641 119 213 640 119 214 642 127 214 644 130 214 643 99 215 645 108 215 647 109 215 646 109 216 648 111 216 650 99 216 649 92 217 651 90 217 653 87 217 652 18 218 654 100 218 656 110 218 655 4 219 657 5 219 659 95 219 658 87 220 660 157 220 662 156 220 661 6 221 663 25 221 665 24 221 664 145 222 666 105 222 668 144 222 667 105 223 669 51 223 671 151 223 670 105 224 672 148 224 674 145 224 673 49 225 675 152 225 677 151 225 676 2 226 678 159 226 680 158 226 679 2 227 681 83 227 683 1 227 682 2 228 684 9 228 686 160 228 685 0 229 687 160 229 689 9 229 688 1 230 690 159 230 692 160 230 691 50 231 693 155 231 695 49 231 694 151 232 696 150 232 698 106 232 697 145 233 699 51 233 701 105 233 700 161 234 702 162 234 704 126 234 703 161 235 705 156 235 707 157 235 706 157 236 708 162 236 710 161 236 709 90 237 711 162 237 713 157 237 712 5 238 714 156 238 716 161 238 715 87 239 717 90 239 719 157 239 718 90 240 720 94 240 722 162 240 721 5 241 723 87 241 725 156 241 724 85 242 726 159 242 728 84 242 727 159 243 729 83 243 731 84 243 730 158 244 732 159 244 734 85 244 733 30 245 735 164 245 737 163 245 736 28 246 738 165 246 740 7 246 739 27 247 741 165 247 743 30 247 742 164 248 744 166 248 746 163 248 745 29 249 747 164 249 749 165 249 748 30 250 750 166 250 752 29 250 751 28 251 753 27 251 755 30 251 754 2 252 756 160 252 758 159 252 757 2 253 759 158 253 761 83 253 760 0 254 762 1 254 764 160 254 763 1 255 765 83 255 767 159 255 766 30 256 768 165 256 770 164 256 769 28 257 771 29 257 773 165 257 772 27 258 774 7 258 776 165 258 775 29 259 777 166 259 779 164 259 778 30 260 780 163 260 782 166 260 781 125 261 783 14 261 785 15 261 784 71 262 786 167 262 788 43 262 787 71 263 789 44 263 791 132 263 790 133 264 792 45 264 794 167 264 793 82 265 795 70 265 797 81 265 796 50 266 798 141 266 800 153 266 799 168 267 801 170 267 803 169 267 802 71 268 804 132 268 806 167 268 805 71 269 807 65 269 809 44 269 808 132 270 810 133 270 812 167 270 811 80 271 813 82 271 815 168 271 814 169 272 816 170 272 818 171 272 817 81 273 819 170 273 821 82 273 820 81 274 822 169 274 824 171 274 823 80 275 825 168 275 827 81 275 826 168 276 828 82 276 830 170 276 829 81 277 831 171 277 833 170 277 832 81 278 834 168 278 836 169 278 835 95 279 837 162 279 839 94 279 838 3 280 840 46 280 842 5 280 841 13 281 843 105 281 845 15 281 844 16 282 846 115 282 848 18 282 847 21 283 849 17 283 851 107 283 850 107 284 852 23 284 854 21 284 853 23 285 855 36 285 857 22 285 856 22 286 858 72 286 860 26 286 859 40 287 861 13 287 863 39 287 862 39 288 864 147 288 866 172 288 865 172 289 867 38 289 869 39 289 868 43 290 870 167 290 872 45 290 871 49 291 873 151 291 875 51 291 874 2 292 876 0 292 878 7 292 877 63 293 879 145 293 881 62 293 880 62 294 882 98 294 884 64 294 883 57 295 885 53 295 887 68 295 886 47 296 888 52 296 890 55 296 889 83 297 891 158 297 893 85 297 892 76 298 894 73 298 896 65 298 895 34 299 897 46 299 899 42 299 898 42 300 900 31 300 902 32 300 901 12 301 903 33 301 905 19 301 904 79 302 906 74 302 908 77 302 907 74 303 909 75 303 911 77 303 910 97 304 912 108 304 914 99 304 913 60 305 915 58 305 917 56 305 916 105 306 918 151 306 920 106 306 919 108 307 921 103 307 923 107 307 922 103 308 924 23 308 926 107 308 925 3 309 927 47 309 929 48 309 928 110 310 930 100 310 932 99 310 931 113 311 933 138 311 935 172 311 934 138 312 936 104 312 938 172 312 937 172 313 939 114 313 941 113 313 940 114 314 942 91 314 944 89 314 943 119 315 945 129 315 947 121 315 946 111 316 948 109 316 950 112 316 949 5 317 951 161 317 953 126 317 952 97 318 954 102 318 956 103 318 955 132 319 957 44 319 959 45 319 958 112 320 960 107 320 962 17 320 961 6 321 963 24 321 965 8 321 964 24 322 966 11 322 968 12 322 967 58 323 969 120 323 971 72 323 970 139 324 972 154 324 974 141 324 973 26 325 975 72 325 977 120 325 976 38 326 978 172 326 980 104 326 979 104 327 981 62 327 983 143 327 982 145 328 984 63 328 986 146 328 985 125 329 987 149 329 989 117 329 988 20 330 990 9 330 992 19 330 991 52 331 993 4 331 995 95 331 994 10 332 996 37 332 998 33 332 997 89 333 999 86 333 1001 102 333 1000 114 334 1002 172 334 1004 147 334 1003 88 335 1005 91 335 1007 92 335 1006 18 336 1008 64 336 1010 100 336 1009 6 337 1011 27 337 1013 25 337 1012 50 338 1014 154 338 1016 155 338 1015 106 339 1017 149 339 1019 15 339 1018 149 340 1020 125 340 1022 15 340 1021 50 341 1023 140 341 1025 141 341 1024 95 342 1026 126 342 1028 162 342 1027</p>
        </triangles>
      </mesh>
    </geometry>
  </library_geometries>
  <library_controllers />
  <library_visual_scenes>
    <visual_scene id="Scene" name="Scene">
      <node id="Body" name="Body" type="NODE">
        <matrix sid="transform">2.861754 0 0 0 0 0 2.861754 0 0 -2.861754 0 0 0 0 0 1</matrix>
        <node id="Neck" name="Neck" type="NODE">
          <matrix sid="transform">0.9999998 0 0 0.005856196 0 0.9999998 0 0.2675492 0 0 0.9999998 1.545617 0 0 0 0.9999999</matrix>
          <node id="Head" name="Head" type="NODE">
            <matrix sid="transform">0.9999999 0 0 -0.03947965 0 0.9999999 0 0.3419969 0 0 0.9999999 0.07796633 0 0 0 1</matrix>
            <node id="Jaw" name="Jaw" type="NODE">
              <matrix sid="transform">1 0 0 0.01186363 0 1 0 0.2608474 0 0 1 -0.01789868 0 0 0 1</matrix>
              <instance_geometry url="#Jaw-mesh" name="Jaw" />
            </node>
            <instance_geometry url="#Head-mesh" name="Head" />
          </node>
          <instance_geometry url="#Neck-mesh" name="Neck" />
        </node>
        <node id="Leg1" name="Leg1" type="NODE">
          <matrix sid="transform">0.9999998 0 0 0.1760508 0 0.9999998 0 -0.78077 0 0 0.9999998 0.893764 0 0 0 0.9999999</matrix>
          <instance_geometry url="#Leg1-mesh" name="Leg1" />
        </node>
        <node id="Leg2" name="Leg2" type="NODE">
          <matrix sid="transform">0.9999998 0 0 -0.2234102 0 0.9999998 0 -0.6928812 0 0 0.9999998 0.9555575 0 0 0 0.9999999</matrix>
          <instance_geometry url="#Leg2-mesh" name="Leg2" />
        </node>
        <instance_geometry url="#Body-mesh" name="Body" />
      </node>
    </visual_scene>
  </library_visual_scenes>
  <scene>
    <instance_visual_scene url="#Scene" />
  </scene>
</COLLADA>